RowNumber,CreditScore,Geography,Gender,Age,Tenure,Balance,NumOfProducts,HasCrCard,IsActiveMember,EstimatedSalary,Complain,Satisfaction Score,Card Type,Point Earned,Exited
1,608,Spain,Female,41,1,83807.86,1,0,1,112542.58,1,3,DIAMOND,456,0
2,850,Spain,Female,43,2,125510.82,1,1,1,79084.1,0,5,GOLD,425,0
3,645,Spain,Male,44,8,113755.78,2,1,0,149756.71,1,5,DIAMOND,484,1
4,497,Spain,Male,24,3,0,2,1,0,76390.01,0,3,GOLD,249,0
5,635,Spain,Female,35,7,0,2,1,1,65951.65,0,2,GOLD,318,0
6,549,Spain,Female,24,9,0,2,1,1,14406.41,0,3,SILVER,544,0
7,587,Spain,Male,45,6,0,1,0,0,158684.81,0,3,PLATINUM,732,0
8,636,Spain,Female,32,8,0,2,1,0,138555.46,0,2,DIAMOND,336,0
9,510,Spain,Female,38,4,0,1,1,0,118913.53,1,2,DIAMOND,887,1
10,591,Spain,Female,39,3,0,3,1,0,140469.38,1,3,DIAMOND,298,1
11,520,Spain,Female,42,6,0,2,1,1,34410.55,0,2,SILVER,922,0
12,722,Spain,Female,29,9,0,2,1,1,142033.07,0,5,PLATINUM,276,0
13,490,Spain,Male,31,3,145260.23,1,0,1,114066.77,0,4,SILVER,471,0
14,804,Spain,Male,33,7,76548.6,1,0,1,98453.45,0,2,GOLD,994,0
15,472,Spain,Male,40,4,0,1,1,0,70154.22,0,4,DIAMOND,545,0
16,660,Spain,Female,61,5,155931.11,1,1,1,158338.39,0,1,PLATINUM,884,0
17,511,Spain,Female,66,4,0,1,1,0,1643.11,1,5,SILVER,549,1
18,555,Spain,Male,33,1,56084.69,2,0,0,178798.13,0,5,PLATINUM,481,0
19,684,Spain,Male,56,8,78707.16,1,1,1,99398.36,0,4,SILVER,903,0
20,657,Spain,Female,37,0,163607.18,1,0,1,44203.55,0,2,GOLD,979,0
21,757,Spain,Male,33,5,77253.22,1,0,1,194239.63,0,3,SILVER,582,0
22,652,Spain,Female,75,10,0,2,1,1,114675.75,0,5,DIAMOND,651,0
23,750,Spain,Male,22,3,121681.82,1,1,0,128643.35,1,2,SILVER,852,1
24,647,Spain,Female,44,5,0,3,1,1,174205.22,1,3,DIAMOND,752,1
25,730,Spain,Male,42,4,0,2,0,1,85982.47,0,4,DIAMOND,722,0
26,515,Spain,Male,35,10,176273.95,1,0,1,121277.78,0,1,GOLD,231,0
27,773,Spain,Male,41,9,102827.44,1,0,1,64595.25,0,5,DIAMOND,488,0
28,710,Spain,Male,22,8,0,2,0,0,99645.04,0,4,SILVER,289,0
29,528,Spain,Male,36,7,0,2,1,0,60536.56,0,5,SILVER,458,0
30,670,Spain,Female,65,1,0,1,1,1,177655.68,1,2,GOLD,915,1
31,622,Spain,Female,46,4,107073.27,2,1,1,30984.59,1,3,GOLD,299,1
32,605,Spain,Male,33,5,150092.8,1,0,0,71862.79,0,3,DIAMOND,509,0
33,675,Spain,Male,36,9,106190.55,1,0,1,22994.32,0,4,SILVER,749,0
34,674,Spain,Male,39,6,120193.42,1,0,0,100130.95,0,1,PLATINUM,510,0
35,584,Spain,Female,48,2,213146.2,1,1,0,75161.25,0,4,DIAMOND,814,1
36,579,Spain,Female,35,1,129490.36,2,0,1,8590.83,1,4,GOLD,247,1
37,793,Spain,Male,52,2,0,1,1,0,159123.82,1,5,GOLD,883,1
38,485,Spain,Female,21,5,113157.22,1,1,1,54141.5,0,4,GOLD,764,0
39,635,Spain,Female,29,8,138296.94,2,1,0,141075.51,0,1,PLATINUM,608,0
40,754,Spain,Female,32,7,0,2,1,0,89520.75,0,1,SILVER,800,0
41,716,Spain,Male,42,8,0,2,1,0,180800.42,0,2,SILVER,427,0
42,706,Spain,Male,57,7,0,1,1,0,17941.16,1,1,GOLD,701,1
43,586,Spain,Female,28,2,0,2,1,1,92067.35,0,5,PLATINUM,635,0
44,717,Spain,Female,22,6,101060.25,1,0,1,84699.56,0,2,GOLD,666,0
45,721,Spain,Female,36,2,0,2,1,1,106977.8,0,5,SILVER,534,0
46,683,Spain,Male,29,0,133702.89,1,1,0,55582.54,1,1,PLATINUM,388,1
47,615,Spain,Female,41,9,109013.23,1,1,0,196499.96,0,1,PLATINUM,561,0
48,667,Spain,Female,39,2,0,2,1,0,40721.24,1,5,PLATINUM,308,1
49,484,Spain,Female,35,7,133868.21,1,1,1,27286.1,0,2,SILVER,415,0
50,597,Spain,Female,40,8,101993.12,1,0,1,94774.12,0,5,SILVER,681,0
51,850,Spain,Female,45,2,122311.21,1,1,1,19482.5,0,5,GOLD,739,0
52,525,Spain,Female,37,0,0,1,0,1,131521.72,0,5,SILVER,642,0
53,616,Spain,Male,30,5,0,2,0,1,196108.51,0,4,PLATINUM,701,0
54,580,Spain,Male,29,9,61710.44,2,1,0,128077.8,0,1,DIAMOND,520,0
55,616,Spain,Female,32,6,0,2,1,1,43001.46,0,5,GOLD,512,0
56,850,Spain,Male,30,2,141040.01,1,1,1,5978.2,0,2,DIAMOND,615,0
57,516,Spain,Male,50,5,0,1,0,1,146145.93,1,5,GOLD,509,1
58,512,Spain,Male,33,3,176666.62,1,1,0,94670.77,0,1,PLATINUM,726,0
59,608,Spain,Female,41,3,89763.84,1,0,0,199304.74,1,3,PLATINUM,639,1
60,730,Spain,Female,33,9,0,2,0,0,176576.62,0,1,SILVER,621,0
61,514,Spain,Male,30,7,0,1,0,1,125010.24,0,4,DIAMOND,583,0
62,662,Spain,Male,38,4,0,2,1,0,136259.65,0,5,GOLD,248,0
63,523,Spain,Male,34,7,0,2,1,0,62030.06,0,4,DIAMOND,566,0
64,587,Spain,Female,34,1,0,2,1,1,97932.68,0,4,DIAMOND,749,0
65,696,Spain,Male,28,8,0,1,0,0,176713.47,0,3,SILVER,671,0
66,766,Spain,Male,41,0,0,2,0,1,34283.23,0,4,GOLD,670,0
67,726,Spain,Female,48,6,99906.19,1,1,0,64323.24,0,4,DIAMOND,901,0
68,738,Spain,Male,31,9,79019.8,1,1,1,18606.23,0,4,PLATINUM,467,0
69,531,Spain,Female,36,9,99240.51,1,1,0,123137.01,0,1,PLATINUM,717,0
70,549,Spain,Female,39,7,0,1,0,0,81259.25,1,2,GOLD,716,1
71,650,Spain,Male,41,9,0,2,0,1,191599.67,0,4,PLATINUM,693,0
72,706,Spain,Female,37,7,0,2,1,1,110899.3,0,1,GOLD,799,0
73,775,Spain,Male,29,10,0,2,1,1,68143.93,0,2,DIAMOND,913,0
74,602,Spain,Male,29,5,103907.28,1,1,0,161229.84,0,2,SILVER,861,0
75,744,Spain,Female,26,5,166297.89,1,1,1,181694.44,0,1,PLATINUM,526,0
76,588,Spain,Male,34,10,0,2,1,0,79078.91,0,2,PLATINUM,632,0
77,747,Spain,Female,41,5,94521.17,2,1,0,194926.86,0,1,DIAMOND,806,0
78,750,Spain,Female,34,9,112822.26,1,0,0,150401.53,1,2,PLATINUM,563,1
79,687,Spain,Female,44,7,0,3,1,0,155853.52,1,2,SILVER,336,1
80,616,Spain,Female,36,6,132311.71,1,0,0,15462.84,0,2,SILVER,268,0
81,744,Spain,Male,36,2,153804.44,1,1,1,87213.33,0,3,SILVER,252,0
82,474,Spain,Male,37,3,0,2,0,0,57175.32,0,4,SILVER,275,0
83,706,Spain,Male,42,9,0,2,1,1,28714.34,0,4,PLATINUM,361,0
84,628,Spain,Female,22,3,0,1,1,0,85426.28,0,4,DIAMOND,483,0
85,525,Spain,Female,57,2,145965.33,1,1,1,64448.36,0,5,PLATINUM,337,0
86,667,Spain,Female,40,1,146502.07,1,1,0,19162.89,0,3,DIAMOND,230,0
87,626,Spain,Female,37,6,108269.37,1,1,0,5597.94,0,2,DIAMOND,457,0
88,805,Spain,Female,39,5,165272.13,1,1,0,14109.85,1,3,SILVER,317,1
89,545,Spain,Female,47,5,0,2,1,1,38970.14,0,4,PLATINUM,373,0
90,659,Spain,Male,32,3,107594.11,2,1,1,102416.84,0,3,DIAMOND,683,0
91,762,Spain,Male,39,2,81273.13,1,1,1,18719.67,0,5,GOLD,929,0
92,568,Spain,Female,32,7,169399.6,1,1,0,61936.22,0,4,PLATINUM,234,0
93,670,Spain,Male,25,6,0,2,1,1,78358.94,0,3,DIAMOND,723,0
94,850,Spain,Female,57,8,126776.3,2,1,1,132298.49,0,3,GOLD,244,0
95,522,Spain,Male,34,9,126436.29,1,1,0,174248.52,1,3,GOLD,973,1
96,706,Spain,Male,28,3,0,2,0,1,181543.67,0,3,SILVER,241,0
97,628,Spain,Female,33,3,0,1,1,1,188193.25,0,4,GOLD,240,0
98,801,Spain,Male,42,4,141947.67,1,1,1,10598.29,0,3,SILVER,687,0
99,572,Spain,Male,35,4,152390.26,1,1,0,128123.66,0,4,GOLD,951,0
100,629,Spain,Female,30,2,34013.63,1,1,0,19570.63,0,2,DIAMOND,952,0
101,687,Spain,Female,39,2,0,3,0,0,188150.6,1,2,GOLD,616,1
102,611,Spain,Male,46,6,0,2,1,0,45886.33,0,4,DIAMOND,406,0
103,730,Spain,Male,62,2,0,2,1,1,186489.95,0,4,GOLD,594,0
104,709,Spain,Female,45,2,0,2,0,1,162922.65,0,1,PLATINUM,815,0
105,648,Spain,Male,46,9,127209,2,1,0,77405.95,1,4,GOLD,932,1
106,556,Spain,Male,38,8,0,2,0,0,417.41,1,3,GOLD,632,1
107,594,Spain,Female,24,0,97378.54,1,1,1,71405.17,0,2,DIAMOND,431,0
108,751,Spain,Male,52,8,0,2,0,1,179291.85,0,5,SILVER,629,0
109,443,Spain,Male,36,6,70438.01,2,0,1,56937.43,0,4,GOLD,858,0
110,538,Spain,Female,49,9,141434.04,1,0,0,173779.25,1,5,GOLD,797,1
111,611,Spain,Female,37,4,0,2,1,0,125696.26,0,4,SILVER,629,0
112,709,Spain,Male,23,10,0,2,0,0,129590.18,0,2,SILVER,246,0
113,745,Spain,Female,31,3,124328.84,1,1,1,140451.52,0,5,GOLD,924,0
114,795,Spain,Male,35,8,0,2,1,0,167155.36,0,2,DIAMOND,708,0
115,626,Spain,Male,26,8,0,2,0,0,191420.71,0,4,PLATINUM,701,0
116,553,Spain,Male,47,3,116528.15,1,0,0,145704.19,1,2,DIAMOND,918,1
117,778,Spain,Female,47,6,127299.34,2,1,0,124694.99,0,2,GOLD,859,0
118,592,Spain,Male,31,7,110071.1,1,0,0,43921.36,0,3,GOLD,702,0
119,590,Spain,Female,44,3,139432.37,1,1,0,62222.81,0,4,PLATINUM,816,0
120,637,Spain,Male,37,8,0,1,1,1,186062.36,0,1,DIAMOND,699,0
121,509,Spain,Female,25,3,108738.71,2,1,0,106920.57,0,3,DIAMOND,595,0
122,818,Spain,Male,26,4,0,2,1,1,167036.94,0,3,SILVER,261,0
123,850,Spain,Female,32,9,0,2,1,1,18924.92,0,4,DIAMOND,765,0
124,631,Spain,Male,27,10,134169.62,1,1,1,176730.02,0,5,PLATINUM,863,0
125,788,Spain,Male,34,6,156478.62,1,0,1,181196.76,0,3,DIAMOND,760,0
126,615,Spain,Male,61,9,0,2,1,0,150227.85,1,4,DIAMOND,683,1
127,591,Spain,Male,29,1,97541.24,1,1,1,196356.17,0,2,PLATINUM,850,0
128,555,Spain,Male,32,4,0,2,1,1,54405.79,0,4,DIAMOND,850,0
129,638,Spain,Male,44,9,77637.35,2,1,1,111346.22,0,4,SILVER,343,0
130,543,Spain,Female,41,4,0,1,0,0,194902.16,0,5,PLATINUM,331,0
131,599,Spain,Female,37,2,0,2,1,1,143739.29,0,4,GOLD,516,0
132,735,Spain,Male,34,5,0,2,0,0,71095.41,0,1,PLATINUM,898,0
133,793,Spain,Male,38,9,0,2,1,0,88225.02,0,1,SILVER,690,0
134,527,Spain,Male,37,5,93722.73,2,1,1,139093.73,0,3,PLATINUM,453,0
135,519,Spain,Female,57,2,119035.35,2,1,1,29871.79,0,3,SILVER,689,0
136,702,Spain,Female,26,4,135219.57,1,0,1,59747.63,0,4,DIAMOND,267,0
137,543,Spain,Male,35,10,59408.63,1,1,0,76773.53,0,4,GOLD,480,0
138,686,Spain,Male,34,9,0,2,1,0,127569.8,0,3,SILVER,358,0
139,721,Spain,Male,51,0,169312.13,1,1,0,109078.35,1,2,PLATINUM,405,1
140,842,Spain,Female,44,2,112652.08,2,1,0,126644.98,0,5,DIAMOND,939,0
141,685,Spain,Female,25,10,128509.63,1,1,0,121562.33,0,3,DIAMOND,560,0
142,590,Spain,Female,51,3,154962.99,3,0,1,191932.27,1,1,SILVER,759,1
143,741,Spain,Male,53,3,0,2,1,1,38913.68,0,3,GOLD,245,0
144,850,Spain,Female,70,5,0,1,1,1,705.18,0,1,DIAMOND,283,0
145,650,Spain,Male,61,1,152968.73,1,0,1,82970.69,0,5,DIAMOND,683,0
146,607,Spain,Male,36,8,158261.68,1,1,1,76744.72,0,5,GOLD,863,0
147,689,Spain,Female,38,6,121021.05,1,1,1,12182.15,0,3,SILVER,946,0
148,438,Spain,Female,54,2,0,1,0,0,191763.07,1,3,SILVER,281,1
149,687,Spain,Female,63,1,137715.66,1,1,1,37938.74,0,1,PLATINUM,938,0
150,648,Spain,Female,49,10,0,2,1,1,159835.78,1,2,GOLD,314,1
151,848,Spain,Male,40,3,110929.96,1,1,1,30876.84,0,3,GOLD,844,0
152,439,Spain,Female,32,3,138901.61,1,1,0,75685.97,0,4,DIAMOND,913,0
153,701,Spain,Male,36,8,0,2,1,0,169161.46,0,2,DIAMOND,689,0
154,607,Spain,Female,33,2,108431.87,2,0,1,109291.39,1,5,PLATINUM,647,1
155,586,Spain,Female,57,3,0,2,0,1,6057.81,0,4,PLATINUM,839,0
156,621,Spain,Male,53,9,170491.84,1,1,0,35588.07,1,3,PLATINUM,777,1
157,519,Spain,Female,47,6,157296.02,2,0,0,147278.43,1,1,PLATINUM,934,1
158,630,Spain,Male,32,4,82034,1,0,0,146326.45,0,5,GOLD,708,0
159,779,Spain,Female,26,4,174318.13,2,0,1,38296.21,0,2,PLATINUM,625,0
160,685,Spain,Male,43,9,0,2,1,0,107811.28,0,4,SILVER,808,0
161,762,Spain,Female,26,7,123709.46,2,1,1,169654.57,0,4,PLATINUM,669,0
162,667,Spain,Male,38,1,87202.38,1,1,1,77866.91,0,5,PLATINUM,955,0
163,727,Spain,Female,31,0,0,1,1,0,121751.04,1,2,SILVER,274,1
164,754,Spain,Male,39,6,170184.99,2,1,0,89593.26,0,2,DIAMOND,380,0
165,546,Spain,Male,42,7,139070.51,1,1,1,86945,0,3,DIAMOND,451,0
166,673,Spain,Female,37,8,0,2,1,1,183318.79,0,1,SILVER,603,0
167,656,Spain,Female,40,10,167878.5,1,0,1,151887.16,0,5,PLATINUM,806,0
168,477,Spain,Female,48,2,129120.64,1,0,1,26475.79,0,3,GOLD,238,0
169,850,Spain,Male,35,7,110349.82,1,0,0,126355.8,0,2,PLATINUM,445,0
170,799,Spain,Female,28,3,142253.65,1,1,0,45042.56,0,1,SILVER,395,0
171,839,Spain,Female,33,10,75592.43,1,1,0,62674.42,0,3,PLATINUM,497,0
172,696,Spain,Female,51,5,0,2,1,0,55022.43,0,4,SILVER,509,0
173,660,Spain,Female,33,1,0,2,0,0,117834.91,0,1,PLATINUM,485,0
174,752,Spain,Male,48,5,116060.08,1,1,0,156618.38,1,5,PLATINUM,265,1
175,729,Spain,Male,31,8,164870.81,2,1,1,9567.39,0,4,PLATINUM,249,0
176,549,Spain,Male,25,6,193858.2,1,0,1,21600.11,0,3,PLATINUM,737,0
177,694,Spain,Male,57,8,116326.07,1,1,1,117704.65,0,2,SILVER,988,0
178,695,Spain,Male,46,3,122549.64,1,1,1,56297.85,0,3,SILVER,520,0
179,640,Spain,Female,32,6,118879.35,2,1,1,19131.71,0,2,PLATINUM,869,0
180,529,Spain,Male,35,5,0,2,1,1,187288.5,0,2,PLATINUM,395,0
181,593,Spain,Female,38,4,88736.44,2,1,0,67020.03,0,5,PLATINUM,910,0
182,788,Spain,Female,70,1,0,2,1,1,41610.62,0,3,DIAMOND,844,0
183,684,Spain,Female,38,3,0,2,1,0,44255.65,0,4,SILVER,866,0
184,591,Spain,Male,58,5,128468.69,1,0,1,137254.55,0,2,GOLD,515,0
185,661,Spain,Male,42,2,178820.91,1,0,0,29358.57,1,1,PLATINUM,426,1
186,445,Spain,Male,62,1,64119.38,1,1,1,76569.64,1,5,PLATINUM,561,1
187,746,Spain,Male,36,2,0,2,1,1,16436.56,0,5,DIAMOND,718,0
188,594,Spain,Female,49,2,126615.94,2,0,1,123214.74,0,3,DIAMOND,650,0
189,574,Spain,Male,36,1,0,2,0,1,71709.12,0,2,DIAMOND,980,0
190,632,Spain,Male,38,1,120599.21,1,1,0,92816.86,0,3,DIAMOND,666,0
191,650,Spain,Female,25,3,86605.5,3,1,0,16649.31,1,2,GOLD,653,1
192,701,Spain,Female,42,5,0,2,0,0,24210.56,0,1,GOLD,282,0
193,672,Spain,Female,56,2,209767.31,2,1,1,150694.42,1,5,PLATINUM,742,1
194,459,Spain,Female,42,6,129634.25,2,1,1,177683.02,1,3,PLATINUM,326,1
195,657,Spain,Male,31,3,125167.02,1,0,0,98820.39,0,2,SILVER,225,0
196,816,Spain,Male,67,6,151858.98,1,1,1,72814.31,0,5,GOLD,459,0
197,450,Spain,Female,46,5,177619.71,1,1,0,54227.06,0,1,GOLD,238,0
198,727,Spain,Male,38,2,62276.99,1,1,1,59280.79,0,4,DIAMOND,757,0
199,838,Spain,Female,39,5,166733.92,2,1,0,14279.44,0,2,DIAMOND,917,0
200,736,Spain,Female,28,2,0,2,1,1,117431.1,0,3,PLATINUM,457,0
201,710,Spain,Female,27,2,135277.96,1,1,0,142200.15,0,4,SILVER,314,0
202,684,Spain,Male,41,2,119782.72,2,0,0,120284.67,0,2,GOLD,935,0
203,692,Spain,Male,28,9,118945.09,1,0,0,16064.25,1,3,SILVER,735,1
204,679,Spain,Female,35,8,119182.73,1,0,0,121210.09,0,3,SILVER,369,0
205,792,Spain,Male,36,5,92140.15,1,0,1,67468.67,0,3,SILVER,328,0
206,562,Spain,Female,35,0,0,2,1,0,119899.52,0,2,SILVER,814,0
207,704,Spain,Male,48,8,167997.6,1,1,1,173498.45,0,2,SILVER,970,0
208,511,Spain,Female,29,9,0,2,0,1,140676.98,0,4,DIAMOND,390,0
209,790,Spain,Female,46,9,0,1,0,0,14679.81,1,3,SILVER,258,1
210,681,Spain,Male,65,7,134714.7,2,0,1,190419.81,0,3,GOLD,854,0
211,516,Spain,Female,33,3,0,2,1,1,58685.59,0,2,PLATINUM,692,0
212,497,Spain,Male,27,9,75263.16,1,1,1,164825.04,0,5,GOLD,709,0
213,642,Spain,Male,34,8,0,1,1,0,72085.1,0,3,GOLD,323,0
214,732,Spain,Female,69,9,137453.43,1,0,1,110932.24,1,5,PLATINUM,719,1
215,600,Spain,Male,36,4,0,2,1,0,143635.36,0,1,GOLD,767,0
216,758,Spain,Male,56,1,0,2,1,1,10643.38,0,4,PLATINUM,408,0
217,708,Spain,Female,41,5,0,1,0,1,157003.99,0,3,SILVER,256,0
218,694,Spain,Female,37,3,0,2,1,1,147012.22,0,3,DIAMOND,245,0
219,553,Spain,Female,48,3,0,1,0,1,30730.95,1,3,PLATINUM,421,1
220,773,Spain,Female,41,5,0,1,1,0,28266.9,1,4,DIAMOND,497,1
221,611,Spain,Male,51,1,122874.74,1,1,1,149648.45,0,1,PLATINUM,247,0
222,523,Spain,Male,32,4,0,2,1,0,167848.02,0,3,DIAMOND,480,0
223,741,Spain,Male,39,7,143637.58,2,0,1,174227.66,0,4,PLATINUM,437,0
224,456,Spain,Male,32,9,147506.25,1,1,1,135399.21,0,3,DIAMOND,454,0
225,652,Spain,Female,42,4,0,2,1,1,38152.01,0,5,GOLD,230,0
226,739,Spain,Male,38,0,128366.44,1,1,0,12796.43,0,3,PLATINUM,631,0
227,788,Spain,Male,37,8,141541.25,1,0,0,66013.27,0,4,DIAMOND,582,0
228,685,Spain,Male,31,10,135213.71,1,1,1,125777.28,0,4,GOLD,444,0
229,806,Spain,Male,25,7,0,2,1,0,18461.9,0,4,PLATINUM,767,0
230,648,Spain,Female,53,6,111201.41,1,1,1,121542.29,0,4,PLATINUM,715,0
231,545,Spain,Female,32,4,0,1,1,0,94739.2,0,1,PLATINUM,319,0
232,784,Spain,Male,35,3,0,2,0,0,81483.64,0,2,PLATINUM,469,0
233,552,Spain,Male,45,9,0,2,1,0,26752.56,0,2,DIAMOND,723,0
234,609,Spain,Male,61,1,0,1,1,0,22447.85,1,5,PLATINUM,400,1
235,738,Spain,Male,35,3,0,1,1,1,15650.73,0,2,DIAMOND,766,0
236,661,Spain,Male,39,6,132628.98,1,0,0,38812.67,0,5,DIAMOND,581,0
237,512,Spain,Male,36,1,0,1,0,1,135482.26,1,4,PLATINUM,795,1
238,592,Spain,Male,37,9,0,3,1,1,10656.89,0,1,DIAMOND,413,0
239,710,Spain,Male,35,1,106518.52,1,1,1,127951.81,0,4,PLATINUM,939,0
240,697,Spain,Female,25,5,82931.85,2,1,1,128373.88,0,1,PLATINUM,282,0
241,599,Spain,Female,39,4,0,1,1,0,194273.2,1,3,PLATINUM,543,1
242,694,Spain,Male,39,0,107042.74,1,1,1,102284.2,0,4,PLATINUM,297,0
243,665,Spain,Female,42,2,156371.61,2,0,1,156774.94,1,3,DIAMOND,553,1
244,807,Spain,Female,43,0,0,2,0,1,85523.24,0,5,PLATINUM,660,0
245,771,Spain,Female,67,8,0,2,1,1,51219.8,0,1,GOLD,352,0
246,531,Spain,Male,27,8,132576.25,1,0,0,7222.92,0,5,SILVER,835,0
247,685,Spain,Male,35,4,137948.51,1,1,0,113639.64,0,1,PLATINUM,404,0
248,642,Spain,Male,32,7,100433.8,1,1,1,39768.59,0,2,PLATINUM,479,0
249,529,Spain,Male,63,4,96134.11,3,1,0,108732.96,1,3,GOLD,693,1
250,637,Spain,Female,34,9,0,2,0,0,26057.08,0,5,GOLD,365,0
251,750,Spain,Female,38,7,97257.41,2,0,1,179883.04,0,3,DIAMOND,324,0
252,750,Spain,Female,36,8,112940.07,1,0,1,9855.81,0,3,GOLD,447,0
253,569,Spain,Male,34,0,151839.26,1,1,0,102299.81,1,1,SILVER,268,1
254,659,Spain,Male,31,7,149620.88,2,1,1,104533.51,0,5,SILVER,417,0
255,661,Spain,Female,28,7,95357.49,1,0,0,102297.15,0,5,GOLD,508,0
256,838,Spain,Male,43,9,123105.88,2,1,0,145765.83,0,3,SILVER,376,0
257,610,Spain,Male,29,9,0,3,0,1,83912.24,0,5,SILVER,691,0
258,811,Spain,Male,44,3,0,2,0,1,78439.73,0,5,PLATINUM,859,0
259,587,Spain,Male,62,7,121286.27,1,0,1,6776.92,0,5,DIAMOND,500,0
260,561,Spain,Female,33,6,0,2,1,0,45261.47,0,1,DIAMOND,704,0
261,650,Spain,Male,71,0,0,1,1,1,175380.77,0,5,GOLD,928,0
262,719,Spain,Male,35,3,122964.88,1,1,1,138231.7,0,4,DIAMOND,411,0
263,635,Spain,Male,24,4,0,2,1,1,70668.77,0,2,GOLD,506,0
264,496,Spain,Female,43,3,0,2,0,1,199505.53,0,1,SILVER,494,0
265,485,Spain,Male,32,6,102238.01,2,1,1,194010.12,0,4,PLATINUM,784,0
266,828,Spain,Male,34,9,0,2,1,1,81853.98,0,5,SILVER,766,0
267,609,Spain,Male,53,10,0,1,1,1,154642.91,0,3,SILVER,498,0
268,830,Spain,Male,40,4,0,2,0,1,81622.52,0,5,DIAMOND,543,0
269,678,Spain,Male,30,0,0,1,1,0,35113.08,0,4,GOLD,965,0
270,580,Spain,Male,67,3,153946.14,1,1,1,7418.92,0,5,PLATINUM,221,0
271,630,Spain,Female,39,7,135483.17,1,1,0,140881.2,1,1,SILVER,309,1
272,588,Spain,Male,34,6,121132.26,2,1,0,86460.28,0,3,DIAMOND,468,0
273,807,Spain,Female,42,1,0,1,1,0,16500.66,1,2,DIAMOND,406,1
274,625,Spain,Female,49,2,80816.45,1,1,1,20018.79,0,1,PLATINUM,677,0
275,600,Spain,Female,50,6,94684.27,1,1,1,50488.91,0,3,DIAMOND,981,0
276,602,Spain,Female,22,7,141604.76,1,1,0,30379.6,0,2,PLATINUM,943,0
277,545,Spain,Female,74,3,0,2,1,1,161326.73,0,2,SILVER,423,0
278,675,Spain,Male,33,3,0,2,1,0,45348.08,0,5,GOLD,487,0
279,490,Spain,Female,48,8,155413.06,1,1,0,187921.3,0,3,GOLD,319,0
280,710,Spain,Female,38,4,0,2,1,1,136390.88,0,4,DIAMOND,411,0
281,624,Spain,Female,23,6,0,2,0,1,196668.51,0,5,SILVER,888,0
282,503,Spain,Male,37,6,0,2,0,0,136506.86,0,3,SILVER,717,0
283,702,Spain,Male,39,8,0,2,1,0,99654.13,0,4,DIAMOND,876,0
284,461,Spain,Female,35,8,0,1,1,0,132295.95,0,3,SILVER,963,0
285,688,Spain,Male,36,0,89772.3,1,1,0,177383.68,1,5,DIAMOND,663,1
286,850,Spain,Male,22,2,0,2,1,1,9684.52,0,1,GOLD,793,0
287,494,Spain,Male,38,7,0,2,1,1,6203.66,0,3,PLATINUM,527,0
288,703,Spain,Male,29,9,0,2,1,0,50679.48,0,3,DIAMOND,242,0
289,432,Spain,Male,38,7,0,2,1,0,150580.88,0,1,PLATINUM,716,0
290,479,Spain,Male,48,5,87070.23,1,0,1,85646.41,0,3,SILVER,523,0
291,617,Spain,Male,61,7,91070.43,1,1,1,101839.77,0,2,DIAMOND,647,0
292,756,Spain,Male,29,2,117412.19,2,1,0,4888.91,0,1,DIAMOND,565,0
293,606,Spain,Male,35,7,0,1,1,0,106837.06,1,5,SILVER,418,1
294,663,Spain,Female,33,8,122528.18,1,1,0,196260.3,0,4,SILVER,261,0
295,500,Spain,Male,37,9,125822.21,1,1,0,111698,0,5,PLATINUM,266,0
296,727,Spain,Female,57,1,109679.72,1,0,1,753.37,0,5,SILVER,841,0
297,793,Spain,Male,41,9,0,2,1,0,152153.74,0,4,GOLD,987,0
298,613,Spain,Male,34,3,0,1,1,1,41724.72,0,2,GOLD,474,0
299,826,Spain,Female,29,4,129938.07,1,0,1,190200.53,0,1,GOLD,708,0
300,538,Spain,Male,39,2,122773.5,2,1,1,58467.08,0,5,PLATINUM,419,0
301,700,Spain,Male,54,1,79415.67,1,0,1,139735.54,0,5,PLATINUM,546,0
302,729,Spain,Male,37,10,0,2,1,0,100862.54,0,3,SILVER,829,0
303,699,Spain,Male,26,6,79932.41,1,0,0,150242.44,0,4,SILVER,874,0
304,478,Spain,Female,36,3,92363.3,2,1,0,44912.7,0,4,DIAMOND,480,0
305,705,Spain,Female,40,5,203715.15,1,1,0,179978.68,1,2,DIAMOND,801,1
306,719,Spain,Male,39,5,0,2,1,0,145759.7,0,1,SILVER,337,0
307,785,Spain,Female,61,4,129855.72,2,1,0,170214.82,1,4,SILVER,766,1
308,363,Spain,Female,28,6,146098.43,3,1,0,100615.14,1,2,SILVER,324,1
309,590,Spain,Female,34,6,0,2,1,0,171021.44,0,4,PLATINUM,360,0
310,584,Spain,Male,32,5,0,2,1,0,10956.82,0,1,PLATINUM,735,0
311,610,Spain,Male,42,6,0,2,1,0,158302.59,1,5,DIAMOND,237,1
312,579,Spain,Male,33,6,0,1,1,0,94993.04,1,4,PLATINUM,266,1
313,745,Spain,Female,54,8,0,1,1,0,173912.29,1,1,GOLD,447,1
314,699,Spain,Male,47,1,0,2,0,1,30117.44,0,3,SILVER,788,0
315,500,Spain,Female,47,8,128486.11,1,1,0,179227.12,0,4,SILVER,641,0
316,707,Spain,Female,53,6,109663.47,1,1,1,52110.45,0,1,SILVER,416,0
317,575,Spain,Female,31,6,0,2,1,1,95686.42,0,4,SILVER,609,0
318,772,Spain,Male,30,4,78653.05,1,1,0,1790.48,0,2,DIAMOND,949,0
319,689,Spain,Female,28,3,0,2,1,1,192449.02,0,4,SILVER,731,0
320,624,Spain,Male,46,3,0,2,1,1,62825.03,0,2,SILVER,591,0
321,665,Spain,Female,40,1,173432.55,1,0,1,116766.79,0,5,PLATINUM,870,0
322,837,Spain,Male,31,9,104678.62,1,0,1,50972.6,0,2,SILVER,263,0
323,562,Spain,Male,32,6,161628.66,1,1,0,91482.5,0,5,SILVER,561,0
324,681,Spain,Male,67,7,0,2,0,1,163714.92,0,1,SILVER,444,0
325,741,Spain,Male,25,4,0,2,1,1,73873.65,0,5,SILVER,234,0
326,790,Spain,Male,46,8,182364.53,1,0,0,139266.48,1,2,GOLD,661,1
327,520,Spain,Female,63,5,162278.32,1,1,1,34765.33,0,5,SILVER,998,0
328,579,Spain,Male,37,5,152212.88,2,0,0,120219.14,0,3,SILVER,299,0
329,698,Spain,Female,39,9,161993.89,1,0,0,90212.38,0,3,DIAMOND,515,0
330,548,Spain,Male,39,7,131468.44,1,1,0,164975.82,0,1,DIAMOND,668,0
331,734,Spain,Female,37,2,130404.92,1,0,0,34548.74,0,2,DIAMOND,434,0
332,534,Spain,Female,33,3,151233.62,1,0,0,199336.63,0,5,PLATINUM,472,0
333,653,Spain,Male,55,2,70263.83,1,0,1,62347.71,0,1,GOLD,644,0
334,643,Spain,Male,34,3,83132.09,1,1,1,21360.88,0,2,DIAMOND,893,0
335,823,Spain,Female,46,3,81576.75,1,1,1,28370.95,1,1,SILVER,621,1
336,645,Spain,Male,49,2,0,2,0,0,10023.15,0,3,SILVER,553,0
337,591,Spain,Male,30,8,124857.69,2,0,0,50485.7,0,2,DIAMOND,650,0
338,607,Spain,Female,27,5,100912.19,1,0,0,7631.27,0,4,GOLD,908,0
339,635,Spain,Male,50,7,159453.64,2,0,0,54560.79,1,3,SILVER,997,1
340,703,Spain,Male,20,3,165260.98,1,1,1,41626.78,0,5,GOLD,751,0
341,640,Spain,Female,46,8,0,2,1,0,89043.19,0,1,GOLD,429,0
342,568,Spain,Female,43,9,0,1,1,0,125870.79,1,1,PLATINUM,805,1
343,618,Spain,Male,38,5,126473.99,1,1,0,91972.49,0,1,SILVER,696,0
344,682,Spain,Male,46,7,128029.72,1,1,1,62615.35,0,3,GOLD,586,0
345,727,Spain,Male,43,2,97403.18,1,1,1,107415.02,1,1,GOLD,612,1
346,652,Spain,Male,71,4,0,1,1,1,120107.1,0,3,DIAMOND,305,0
347,670,Spain,Male,42,3,81589.04,1,1,0,188227.8,0,2,GOLD,984,0
348,568,Spain,Female,26,6,0,2,0,0,166495.2,0,5,SILVER,634,0
349,575,Spain,Male,43,3,0,1,1,0,83594.51,0,5,DIAMOND,600,0
350,626,Spain,Male,29,7,0,2,1,0,49361.84,0,5,PLATINUM,429,0
351,611,Spain,Male,52,7,0,1,0,1,73585.18,1,2,PLATINUM,380,1
352,734,Spain,Male,39,6,0,1,1,1,95135.27,0,1,GOLD,593,0
353,775,Spain,Male,30,4,0,2,0,1,57461.13,0,5,PLATINUM,368,0
354,645,Spain,Female,37,7,0,2,1,0,13589.93,0,4,DIAMOND,318,0
355,689,Spain,Female,31,4,0,2,1,1,136610.02,0,5,PLATINUM,840,0
356,768,Spain,Female,44,6,60603.4,1,1,1,178045.97,0,4,DIAMOND,570,0
357,715,Spain,Female,35,4,40169.88,2,1,1,199857.47,0,5,GOLD,484,0
358,661,Spain,Female,42,3,0,2,1,0,35989.41,0,3,PLATINUM,465,0
359,582,Spain,Female,46,8,67563.31,1,1,0,44506.09,1,1,SILVER,454,1
360,794,Spain,Male,45,8,88656.37,2,1,0,116547.31,0,4,DIAMOND,618,0
361,705,Spain,Male,46,7,0,2,1,0,117273.35,0,2,GOLD,946,0
362,636,Spain,Female,33,0,0,1,1,0,92277.47,1,2,SILVER,618,1
363,517,Spain,Female,29,5,0,2,1,0,103402.88,0,1,PLATINUM,584,0
364,620,Spain,Female,43,2,0,2,1,0,20670.1,0,5,GOLD,540,0
365,662,Spain,Female,41,4,90350.77,1,1,0,75884.65,1,3,PLATINUM,709,1
366,572,Spain,Male,23,2,126873.52,1,0,1,67040.12,0,4,GOLD,628,0
367,585,Spain,Female,33,8,0,2,1,0,114182.07,0,4,PLATINUM,779,0
368,724,Spain,Male,45,5,83888.54,1,0,1,34121.81,0,3,SILVER,559,0
369,696,Spain,Male,41,9,127523.75,1,0,1,191417.42,0,1,DIAMOND,824,0
370,603,Spain,Female,42,8,91611.12,1,0,0,144675.3,1,3,DIAMOND,416,1
371,573,Spain,Female,44,4,0,1,1,1,94862.93,0,4,PLATINUM,920,0
372,598,Spain,Male,44,8,0,2,1,0,148487.9,0,4,SILVER,909,0
373,627,Spain,Male,44,6,0,1,1,1,114469.55,0,5,SILVER,258,0
374,697,Spain,Male,56,5,110802.03,1,1,1,50230.31,1,1,DIAMOND,238,1
375,632,Spain,Male,31,3,136556.44,1,1,0,82152.83,1,4,SILVER,964,1
376,521,Spain,Female,34,7,70731.07,1,1,1,20243.97,1,2,GOLD,773,1
377,639,Spain,Male,28,8,0,2,1,0,126561.07,0,5,PLATINUM,249,0
378,611,Spain,Male,34,4,0,2,1,0,170950.58,0,4,DIAMOND,911,0
379,637,Spain,Female,40,6,0,2,1,1,181610.6,0,3,PLATINUM,230,0
380,726,Spain,Female,26,1,80780.16,1,1,1,19225.85,0,2,SILVER,457,0
381,592,Spain,Male,38,8,0,2,1,0,180426.2,0,2,GOLD,588,0
382,850,Spain,Female,29,1,0,2,1,1,197996.65,0,3,DIAMOND,534,0
383,710,Spain,Female,51,4,93656.95,1,0,1,141400.51,1,5,DIAMOND,933,1
384,596,Spain,Male,30,6,121345.88,4,1,0,41921.75,1,2,SILVER,317,1
385,797,Spain,Female,31,8,0,2,1,0,117916.63,0,5,DIAMOND,346,0
386,735,Spain,Male,50,9,0,1,0,0,166677.35,1,2,PLATINUM,886,1
387,680,Spain,Female,30,3,0,1,1,0,160131.58,0,4,GOLD,916,0
388,569,Spain,Male,38,8,0,2,0,0,79618.79,0,1,DIAMOND,225,0
389,575,Spain,Female,37,0,0,2,0,0,30114.32,0,2,GOLD,930,0
390,539,Spain,Male,38,8,71460.67,2,1,1,10074.05,0,3,DIAMOND,750,0
391,850,Spain,Male,39,6,133214.13,1,0,1,20769.88,0,5,PLATINUM,681,0
392,710,Spain,Female,36,8,0,2,0,0,83206.19,0,3,SILVER,636,0
393,507,Spain,Female,29,6,0,2,0,1,94780.9,0,2,DIAMOND,284,0
394,598,Spain,Male,41,8,0,2,1,1,161954.43,0,3,PLATINUM,779,0
395,569,Spain,Female,41,4,139840.36,1,1,1,163524.7,0,3,SILVER,970,0
396,578,Spain,Male,23,8,0,2,1,0,112124.98,0,3,DIAMOND,240,0
397,764,Spain,Female,33,9,168964.77,1,0,1,118982.51,0,2,GOLD,915,0
398,607,Spain,Female,36,4,98266.3,1,1,1,46416.36,0,1,PLATINUM,933,0
399,656,Spain,Male,69,6,163975.09,1,1,1,36108.5,0,3,SILVER,836,0
400,520,Spain,Male,43,7,0,2,1,1,36202.74,0,1,PLATINUM,357,0
401,653,Spain,Female,30,2,88243.29,2,1,1,96658.26,0,1,PLATINUM,875,0
402,668,Spain,Male,25,8,0,2,1,1,135112.09,0,2,SILVER,765,0
403,639,Spain,Female,54,2,0,2,1,1,53843.71,0,2,DIAMOND,522,0
404,730,Spain,Female,52,7,0,2,0,1,122398.84,0,5,SILVER,800,0
405,850,Spain,Female,29,10,0,2,1,1,94815.04,0,1,GOLD,251,0
406,559,Spain,Female,40,5,139129.44,1,0,1,32635.54,0,4,DIAMOND,601,0
407,717,Spain,Female,49,1,110864.38,2,1,1,124532.9,1,1,PLATINUM,845,1
408,687,Spain,Female,21,8,0,2,1,1,154767.34,0,5,PLATINUM,449,0
409,671,Spain,Female,42,3,0,2,1,1,128449.33,0,2,DIAMOND,931,0
410,632,Spain,Female,39,5,97854.37,2,1,0,93536.38,0,4,DIAMOND,271,0
411,521,Spain,Male,29,3,60280.62,1,1,0,154271.41,0,3,DIAMOND,700,0
412,591,Spain,Male,36,7,135216.8,1,1,1,122022.89,0,1,GOLD,710,0
413,557,Spain,Female,40,4,0,2,0,1,105433.53,0,2,SILVER,281,0
414,689,Spain,Male,38,5,75075.14,1,1,1,8651.92,1,4,GOLD,731,1
415,525,Spain,Female,25,10,0,2,1,0,69361.95,0,5,GOLD,428,0
416,662,Spain,Female,30,9,0,2,0,1,157884.83,0,5,SILVER,479,0
417,350,Spain,Male,54,1,152677.48,1,1,1,191973.49,1,3,SILVER,643,1
418,705,Spain,Female,23,5,0,2,1,1,73131.73,0,4,SILVER,308,0
419,538,Spain,Female,31,0,0,2,0,0,179453.66,0,5,SILVER,798,0
420,583,Spain,Male,47,5,102562.23,1,1,0,92708.1,0,3,SILVER,948,0
421,712,Spain,Male,53,2,111061.01,2,0,0,26542.17,0,2,GOLD,345,0
422,626,Spain,Male,62,3,0,1,1,1,65010.74,0,1,PLATINUM,930,0
423,731,Spain,Male,41,4,0,2,1,0,22299.27,0,1,GOLD,968,0
424,634,Spain,Male,31,9,108632.48,1,1,1,179485.96,1,5,DIAMOND,760,1
425,680,Spain,Female,31,9,119825.75,2,1,1,101139.3,0,5,DIAMOND,307,0
426,606,Spain,Female,46,8,0,2,1,1,183717.94,0,2,DIAMOND,939,0
427,559,Spain,Male,24,3,114739.92,1,1,0,85891.02,1,4,SILVER,327,1
428,784,Spain,Male,33,10,0,2,1,0,162022.47,0,3,PLATINUM,562,0
429,812,Spain,Female,44,8,0,3,1,0,66926.83,1,2,PLATINUM,812,1
430,784,Spain,Female,40,8,0,2,1,0,108891.3,0,2,PLATINUM,672,0
431,705,Spain,Male,39,6,133261.13,1,1,1,78065.9,0,4,GOLD,344,0
432,681,Spain,Female,32,3,0,2,1,1,59679.9,0,1,SILVER,526,0
433,682,Spain,Male,36,5,0,2,1,1,147758.51,0,5,GOLD,628,0
434,850,Spain,Male,37,4,137204.77,1,1,1,28865.59,0,5,DIAMOND,687,0
435,595,Spain,Male,35,8,0,1,1,0,100015.79,1,1,SILVER,645,1
436,675,Spain,Male,36,3,54098.18,2,0,1,54478.52,0,4,PLATINUM,432,0
437,591,Spain,Male,31,8,0,1,1,1,141677.33,0,1,GOLD,997,0
438,554,Spain,Female,34,8,0,1,0,1,106981.03,0,4,DIAMOND,539,0
439,686,Spain,Male,22,5,0,2,1,0,158974.45,0,2,SILVER,968,0
440,719,Spain,Male,38,0,0,1,1,0,126876.47,0,1,SILVER,954,0
441,850,Spain,Male,30,2,0,2,0,1,27937.12,0,1,PLATINUM,663,0
442,828,Spain,Male,28,8,134766.85,1,1,0,79355.87,0,3,GOLD,738,0
443,712,Spain,Male,47,1,139887.01,1,1,1,95719.73,0,4,GOLD,583,0
444,809,Spain,Male,33,9,0,1,1,1,124045.65,0,5,GOLD,452,0
445,707,Spain,Female,35,3,56674.48,1,1,0,17987.4,1,4,DIAMOND,845,1
446,648,Spain,Male,32,8,0,1,1,0,133653.38,0,4,SILVER,687,0
447,760,Spain,Female,57,1,0,2,1,1,25101.17,0,2,PLATINUM,687,0
448,595,Spain,Female,30,5,100683.54,1,1,1,178361.04,0,3,SILVER,376,0
449,676,Spain,Female,36,4,0,2,1,1,3173.31,0,2,PLATINUM,539,0
450,758,Spain,Female,40,5,93499.82,2,0,0,123218.81,0,1,DIAMOND,793,0
451,601,Spain,Female,44,4,0,2,1,0,58561.31,0,1,GOLD,281,0
452,769,Spain,Male,39,9,0,1,1,1,47722.79,0,3,PLATINUM,851,0
453,796,Spain,Male,41,8,107525.07,1,1,0,18510.41,0,2,SILVER,606,0
454,584,Spain,Female,59,1,0,1,0,1,130260.11,1,1,PLATINUM,462,1
455,595,Spain,Female,23,10,101126.66,2,0,0,37042.8,0,4,SILVER,586,0
456,533,Spain,Female,52,7,0,1,0,1,194113.99,1,5,DIAMOND,590,1
457,760,Spain,Male,28,1,141038.57,2,0,0,16287.38,0,4,DIAMOND,882,0
458,725,Spain,Female,36,4,118520.26,1,0,0,131173.9,1,1,PLATINUM,663,1
459,640,Spain,Male,34,1,137523.02,1,0,0,24761.36,0,1,GOLD,994,0
460,793,Spain,Female,36,0,0,1,0,0,148993.47,0,2,SILVER,847,0
461,533,Spain,Male,38,1,135289.33,2,0,1,152956.33,0,1,GOLD,867,0
462,711,Spain,Male,37,2,0,2,1,0,83978.86,1,4,GOLD,407,1
463,763,Spain,Female,37,6,0,2,1,1,149705.25,0,5,SILVER,799,0
464,702,Spain,Female,35,8,14262.8,2,1,0,54689.16,0,3,SILVER,372,0
465,686,Spain,Male,41,7,102749.72,1,0,1,194913.86,0,2,DIAMOND,561,0
466,629,Spain,Male,36,1,161757.87,2,1,1,146371.72,0,2,DIAMOND,642,0
467,850,Spain,Female,39,10,0,2,1,1,143030.09,0,3,DIAMOND,440,0
468,683,Spain,Female,24,8,98567.1,1,1,0,187987.01,0,1,SILVER,987,0
469,633,Spain,Male,32,5,163340.12,2,1,1,74415.2,0,2,PLATINUM,527,0
470,714,Spain,Male,45,8,150900.29,2,0,1,139889.15,0,5,DIAMOND,734,0
471,604,Spain,Male,23,9,124577.33,1,1,1,7267.25,0,4,DIAMOND,470,0
472,630,Spain,Male,35,1,0,2,0,0,186826.22,0,1,PLATINUM,548,0
473,850,Spain,Female,31,4,91292.7,1,1,1,162149.07,0,5,GOLD,956,0
474,425,Spain,Female,22,7,169649.73,2,0,1,136365,1,2,GOLD,619,1
475,547,Spain,Female,31,9,0,2,0,0,99294.22,0,2,GOLD,470,0
476,700,Spain,Female,46,5,56580.95,2,0,1,45424.13,0,2,SILVER,868,0
477,767,Spain,Male,31,6,0,2,1,1,195668,0,1,PLATINUM,244,0
478,464,Spain,Female,34,5,76001.57,1,1,1,158668.87,0,1,DIAMOND,527,0
479,745,Spain,Female,35,8,0,2,1,1,116581.1,0,1,PLATINUM,879,0
480,485,Spain,Female,30,7,0,1,1,0,107067.37,0,1,DIAMOND,829,0
481,590,Spain,Female,37,0,64345.21,1,0,1,61759.33,1,5,GOLD,282,1
482,581,Spain,Female,29,8,0,2,1,0,46735.19,0,4,PLATINUM,977,0
483,698,Spain,Male,38,10,95010.92,1,1,1,105227.86,0,4,SILVER,227,0
484,527,Spain,Female,29,2,27755.97,1,1,0,97468.44,1,3,PLATINUM,525,1
485,639,Spain,Female,28,8,97840.72,1,1,1,178222.77,0,2,DIAMOND,260,0
486,731,Spain,Male,25,8,96950.21,1,1,0,97877.92,0,5,PLATINUM,448,0
487,624,Spain,Male,33,6,0,2,0,0,76551.7,0,5,GOLD,566,0
488,634,Spain,Male,36,2,85996.19,1,1,0,15887.68,0,4,SILVER,552,0
489,850,Spain,Female,50,10,0,2,1,1,33741.84,0,2,PLATINUM,802,0
490,529,Spain,Male,35,5,95772.97,1,1,1,112781.5,0,5,DIAMOND,619,0
491,572,Spain,Male,31,5,98108.79,1,0,1,119996.95,0,1,GOLD,639,0
492,770,Spain,Male,55,9,63127.41,2,1,0,185211.28,1,4,SILVER,968,1
493,648,Spain,Male,35,7,0,2,1,1,78436.36,0,2,SILVER,853,0
494,530,Spain,Female,36,2,0,2,1,1,14721.8,0,5,GOLD,972,0
495,563,Spain,Male,32,6,0,2,1,1,19720.08,0,4,SILVER,574,0
496,667,Spain,Male,39,7,167557.12,1,1,1,41183.02,0,1,DIAMOND,385,0
497,613,Spain,Male,34,8,117300.02,1,1,0,139410.08,0,5,SILVER,572,0
498,535,Spain,Female,49,7,115309.75,1,1,0,111421.77,0,5,GOLD,885,0
499,850,Spain,Female,38,3,0,2,0,1,179360.76,0,2,DIAMOND,729,0
500,673,Spain,Female,37,0,0,2,0,0,82351.06,0,1,PLATINUM,602,0
501,627,Spain,Female,30,6,0,1,1,1,113408.47,0,4,DIAMOND,320,0
502,796,Spain,Male,67,5,0,2,0,1,54871.02,0,3,GOLD,726,0
503,773,Spain,Female,33,10,0,1,1,1,98820.09,0,4,SILVER,610,0
504,752,Spain,Male,36,2,0,2,1,1,45570.84,0,1,SILVER,251,0
505,625,Spain,Female,69,1,107569.96,1,1,1,182336.45,0,1,PLATINUM,850,0
506,605,Spain,Female,48,6,0,2,1,1,40062.99,0,2,DIAMOND,457,0
507,670,Spain,Female,32,3,0,2,1,0,46175.7,0,5,SILVER,325,0
508,617,Spain,Male,42,0,70105.87,1,1,1,120830.73,0,3,SILVER,702,0
509,746,Spain,Male,31,2,113836.27,1,1,1,174815.54,0,3,SILVER,537,0
510,503,Spain,Male,25,7,0,1,0,1,192841.13,0,1,SILVER,417,0
511,632,Spain,Female,40,3,109740.62,1,1,0,141896.74,0,4,PLATINUM,336,0
512,655,Spain,Female,56,5,0,2,1,1,41782.7,0,2,PLATINUM,979,0
513,452,Spain,Male,44,3,88915.85,1,1,0,69697.74,0,3,GOLD,474,0
514,783,Spain,Male,39,9,0,2,1,0,143752.77,0,4,DIAMOND,301,0
515,680,Spain,Male,35,9,0,2,0,0,143774.06,0,5,PLATINUM,590,0
516,624,Spain,Male,51,5,174397.21,2,1,1,172372.63,0,2,PLATINUM,955,0
517,655,Spain,Female,36,1,135515.76,1,1,0,86013.96,0,4,DIAMOND,779,0
518,705,Spain,Female,24,5,177799.83,2,0,0,79886.06,0,2,GOLD,443,0
519,358,Spain,Female,52,8,143542.36,3,1,0,141959.11,1,4,SILVER,976,1
520,559,Spain,Male,25,5,0,2,1,1,163221.22,0,3,SILVER,897,0
521,488,Spain,Female,39,9,140553.46,1,0,0,12440.44,0,3,PLATINUM,243,0
522,582,Spain,Male,26,4,65848.36,2,1,0,30149.21,0,1,SILVER,518,0
523,733,Spain,Female,30,0,83319.28,1,0,0,57769.2,0,2,PLATINUM,627,0
524,598,Spain,Female,38,6,0,2,0,0,173783.38,0,4,PLATINUM,897,0
525,717,Spain,Male,35,1,0,3,0,0,174770.14,1,3,GOLD,810,1
526,476,Spain,Female,69,1,105303.73,1,0,1,134260.34,0,5,DIAMOND,563,0
527,748,Spain,Female,40,4,0,2,1,0,132368.47,0,3,DIAMOND,770,0
528,531,Spain,Female,45,1,126495.57,2,1,1,164741.5,0,2,GOLD,242,0
529,719,Spain,Female,47,9,116393.59,1,1,0,63051.32,1,5,DIAMOND,777,1
530,563,Spain,Female,46,8,106171.68,1,1,0,163145.5,1,3,GOLD,672,1
531,695,Spain,Male,28,0,96020.86,1,1,1,57992.49,0,2,SILVER,865,0
532,841,Spain,Male,41,1,0,2,0,1,193093.77,0,5,SILVER,842,0
533,556,Spain,Female,48,8,168522.37,1,1,1,151310.16,0,2,SILVER,393,0
534,728,Spain,Female,37,4,0,1,0,0,4539.38,0,2,DIAMOND,521,0
535,545,Spain,Female,39,6,0,1,0,0,38410.74,1,4,SILVER,542,1
536,451,Spain,Female,23,9,0,2,0,1,48021.71,0,1,DIAMOND,576,0
537,624,Spain,Female,28,2,0,2,0,1,104353.26,0,4,GOLD,673,0
538,665,Spain,Male,41,8,0,2,1,0,132152.32,0,2,GOLD,251,0
539,782,Spain,Male,34,6,147422.44,1,0,1,42143.61,0,5,GOLD,960,0
540,668,Spain,Female,24,7,173962.32,1,0,0,106457.11,1,2,SILVER,967,1
541,539,Spain,Male,38,6,0,1,1,1,152880.07,1,3,SILVER,219,1
542,581,Spain,Female,50,4,0,2,1,1,80701.72,0,3,GOLD,232,0
543,737,Spain,Male,38,6,146282.79,2,1,0,198516.2,0,5,PLATINUM,703,0
544,658,Spain,Female,31,2,36566.96,1,1,0,103644.98,1,4,PLATINUM,953,1
545,686,Spain,Female,36,5,0,2,1,1,152979.14,0,4,GOLD,966,0
546,626,Spain,Female,48,2,0,2,1,1,95794.98,0,3,DIAMOND,682,0
547,569,Spain,Female,34,6,144855.34,1,0,0,196555.32,0,4,GOLD,697,0
548,811,Spain,Male,39,7,0,2,1,1,177519.39,0,3,GOLD,363,0
549,725,Spain,Female,32,0,0,2,1,1,138525.19,0,2,PLATINUM,823,0
550,667,Spain,Male,39,9,0,2,1,0,68873.8,0,5,PLATINUM,535,0
551,655,Spain,Male,38,3,250898.09,3,0,1,81054,1,1,SILVER,336,1
552,531,Spain,Male,70,1,0,2,0,0,99503.19,0,2,PLATINUM,982,0
553,531,Spain,Male,37,1,143407.29,2,0,1,84402.46,0,1,SILVER,556,0
554,678,Spain,Female,49,8,0,2,0,1,98090.69,0,3,DIAMOND,401,0
555,646,Spain,Female,42,3,99836.47,1,0,1,22909.56,0,3,GOLD,324,0
556,596,Spain,Male,41,5,0,2,0,1,141053.85,0,4,SILVER,906,0
557,472,Spain,Female,28,4,0,2,1,0,1801.77,0,3,DIAMOND,633,0
558,732,Spain,Male,33,8,0,1,1,0,119882.7,0,2,DIAMOND,741,0
559,765,Spain,Female,32,9,178095.55,1,0,0,47247.56,0,3,GOLD,656,0
560,609,Spain,Female,43,6,86053.52,2,1,1,113276.46,1,5,PLATINUM,529,1
561,718,Spain,Male,45,3,105266.32,2,1,1,193724.51,0,5,SILVER,372,0
562,634,Spain,Male,34,1,0,2,1,0,61995.57,0,5,SILVER,522,0
563,633,Spain,Male,33,4,137847.41,2,1,0,98349.13,0,1,DIAMOND,836,0
564,630,Spain,Male,26,7,0,2,1,1,6656.64,0,2,DIAMOND,776,0
565,836,Spain,Male,57,4,101247.06,1,1,0,37141.62,1,4,GOLD,611,1
566,767,Spain,Male,77,8,149083.7,1,1,1,190146.83,0,5,GOLD,383,0
567,699,Spain,Male,35,2,167455.66,2,1,1,55324.49,0,3,GOLD,936,0
568,774,Spain,Female,43,1,116360.07,1,1,0,17004.14,0,5,SILVER,239,0
569,745,Spain,Male,40,3,88466.82,1,0,0,116331.42,0,4,SILVER,645,0
570,665,Spain,Male,38,9,0,1,0,1,87412.74,0,3,GOLD,309,0
571,739,Spain,Male,40,1,109681.61,1,1,1,193321.3,0,5,PLATINUM,523,0
572,699,Spain,Male,34,8,0,1,1,1,76510.46,0,2,PLATINUM,403,0
573,708,Spain,Female,32,8,187487.63,1,1,1,120115.5,0,3,GOLD,681,0
574,525,Spain,Female,47,6,118560,1,1,0,82522.61,1,4,PLATINUM,375,1
575,798,Spain,Female,58,9,0,2,0,0,119071.56,1,3,DIAMOND,400,1
576,614,Spain,Male,35,2,127283.78,1,1,1,31302.35,0,1,SILVER,668,0
577,473,Spain,Male,48,8,0,2,1,0,71139.8,0,4,SILVER,304,0
578,850,Spain,Male,28,9,97408.03,1,1,1,175853.64,0,3,GOLD,962,0
579,613,Spain,Male,30,9,111927.45,1,1,1,175795.87,0,1,SILVER,515,0
580,509,Spain,Male,38,2,0,1,0,0,168460.12,0,2,GOLD,450,0
581,663,Spain,Male,33,9,0,2,0,0,91514.62,0,5,PLATINUM,868,0
582,666,Spain,Male,35,2,104832.49,1,1,0,175015.12,0,4,DIAMOND,411,0
583,733,Spain,Female,31,9,102289.85,1,1,1,115441.66,0,2,PLATINUM,239,0
584,631,Spain,Male,55,9,99685.06,1,1,0,114474.98,0,1,DIAMOND,932,0
585,790,Spain,Male,46,2,131365.37,2,1,1,180290.68,0,5,GOLD,242,0
586,633,Spain,Male,58,6,98308.51,1,1,1,132034.13,0,3,DIAMOND,808,0
587,757,Spain,Male,44,5,140856.16,2,1,0,158735.1,0,5,DIAMOND,293,0
588,649,Spain,Male,36,8,0,2,1,0,161668.15,0,3,GOLD,354,0
589,565,Spain,Male,38,0,122447.76,1,0,0,67339.34,0,4,PLATINUM,652,0
590,648,Spain,Female,56,6,157559.59,2,1,0,140991.23,1,4,SILVER,320,1
591,756,Spain,Male,38,6,119208.85,1,1,0,169763.89,1,1,DIAMOND,257,1
592,717,Spain,Female,39,6,0,2,1,0,93275.61,0,3,DIAMOND,988,0
593,539,Spain,Female,37,1,130922.81,2,0,0,2186.83,0,1,PLATINUM,319,0
594,706,Spain,Male,20,8,0,2,1,1,12368.11,0,4,PLATINUM,354,0
595,677,Spain,Female,25,8,130866.19,1,1,0,42410.21,0,5,DIAMOND,236,0
596,684,Spain,Female,41,7,0,1,1,1,138394.37,0,2,SILVER,795,0
597,478,Spain,Male,43,1,0,2,1,1,197916.43,0,5,DIAMOND,303,0
598,686,Spain,Female,35,4,0,2,1,1,159676.55,0,2,GOLD,624,0
599,726,Spain,Female,27,7,123826.07,1,0,1,78970.58,0,2,GOLD,535,0
600,745,Spain,Male,34,9,0,2,1,0,50046.25,0,3,SILVER,848,0
601,658,Spain,Male,50,2,0,2,1,0,52137.73,0,1,GOLD,893,0
602,598,Spain,Male,27,8,90721.52,2,1,0,109296.18,0,1,GOLD,698,0
603,689,Spain,Female,45,0,57784.22,1,1,0,197804,1,3,SILVER,709,1
604,651,Spain,Female,45,10,135923.16,1,1,0,18732.84,0,3,GOLD,500,0
605,714,Spain,Male,45,0,124693.48,1,0,1,187194.15,0,2,PLATINUM,952,0
606,759,Spain,Female,35,7,147936.42,1,1,1,106785.7,0,4,SILVER,312,0
607,561,Spain,Female,28,3,0,2,1,0,191387.76,0,1,DIAMOND,276,0
608,672,Spain,Male,33,2,0,2,1,1,182738,0,4,SILVER,609,0
609,567,Spain,Female,41,1,0,2,1,0,3414.72,0,5,SILVER,684,0
610,762,Spain,Male,29,10,115545.33,2,1,0,148256.43,0,3,PLATINUM,931,0
611,648,Spain,Male,35,7,0,2,0,0,122899.01,0,2,DIAMOND,878,0
612,706,Spain,Male,29,2,0,2,1,1,18255.51,0,1,SILVER,868,0
613,484,Spain,Female,39,5,0,2,1,1,175224.12,0,2,SILVER,740,0
614,484,Spain,Male,36,8,0,2,1,0,186136.48,0,1,PLATINUM,512,0
615,803,Spain,Female,37,1,0,2,0,0,7455.2,0,4,SILVER,663,0
616,701,Spain,Female,35,9,0,2,0,0,170996.86,0,3,DIAMOND,303,0
617,593,Spain,Male,44,5,0,1,1,0,128046.98,0,2,SILVER,569,0
618,794,Spain,Male,38,9,179581.31,1,1,0,23596.24,0,4,PLATINUM,814,0
619,637,Spain,Female,45,2,157929.45,1,1,1,145134.49,1,4,DIAMOND,546,1
620,569,Spain,Female,42,1,0,1,1,1,83629.6,1,2,PLATINUM,748,1
621,557,Spain,Male,48,10,0,2,1,1,185094.48,0,5,PLATINUM,933,0
622,648,Spain,Female,54,7,118241.02,1,1,0,172586.89,1,3,DIAMOND,884,1
623,639,Spain,Male,29,4,133434.57,2,1,0,97983.44,0,3,PLATINUM,293,0
624,815,Spain,Female,39,6,0,1,1,1,85167.88,0,4,DIAMOND,818,0
625,786,Spain,Male,31,9,0,2,1,1,18210.36,0,1,SILVER,400,0
626,614,Spain,Female,41,7,179915.85,1,0,0,14666.35,1,3,GOLD,451,1
627,773,Spain,Female,39,4,0,2,0,1,182081.45,0,2,GOLD,545,0
628,655,Spain,Female,35,1,82231.51,2,1,0,88798.02,0,1,SILVER,227,0
629,649,Spain,Male,51,4,0,1,1,1,150390.57,0,3,PLATINUM,782,0
630,671,Spain,Female,34,10,0,1,1,0,23235.38,0,5,SILVER,991,0
631,706,Spain,Female,42,8,95386.82,1,1,1,75732.25,0,5,SILVER,734,0
632,630,Spain,Male,30,3,0,2,0,1,10486.69,0,5,PLATINUM,274,0
633,702,Spain,Male,32,8,71667.74,1,1,1,126082.18,0,2,GOLD,225,0
634,653,Spain,Male,55,7,0,2,1,1,41967.03,0,2,SILVER,581,0
635,732,Spain,Female,33,8,111379.55,1,1,1,45098.62,0,5,PLATINUM,473,0
636,580,Spain,Female,57,0,136820.99,1,0,1,108528.74,0,5,GOLD,419,0
637,684,Spain,Female,39,4,139723.9,1,1,1,120612.11,0,2,SILVER,254,0
638,759,Spain,Female,74,6,128917.84,1,1,1,48244.64,0,1,DIAMOND,793,0
639,704,Spain,Male,37,4,0,2,0,0,25684.93,0,5,SILVER,439,0
640,701,Spain,Male,59,7,0,2,0,1,27597.59,0,4,SILVER,387,0
641,735,Spain,Male,29,10,0,2,1,1,95025.27,0,2,DIAMOND,439,0
642,783,Spain,Female,59,9,126224.87,1,1,1,4423.63,0,2,DIAMOND,841,0
643,607,Spain,Female,25,4,121166.89,1,0,1,115288.24,0,1,DIAMOND,551,0
644,537,Spain,Female,38,1,0,2,0,1,41233.97,0,5,PLATINUM,818,0
645,513,Spain,Male,88,10,0,2,1,1,52952.24,0,1,PLATINUM,627,0
646,763,Spain,Female,32,10,95153.77,1,0,1,81310.1,0,2,GOLD,816,0
647,689,Spain,Female,31,3,139799.63,1,0,1,120663.57,0,5,GOLD,964,0
648,567,Spain,Male,40,4,118628.8,1,0,0,91973.63,0,1,PLATINUM,892,0
649,683,Spain,Female,36,7,0,2,1,0,104786.59,0,2,GOLD,381,0
650,645,Spain,Female,21,1,0,2,0,0,28726.07,0,5,GOLD,469,0
651,612,Spain,Female,26,4,0,2,1,1,179780.74,0,2,GOLD,516,0
652,782,Spain,Male,23,10,98052.66,1,1,1,142587.32,0,3,PLATINUM,565,0
653,619,Spain,Female,45,0,0,2,0,0,113645.4,0,4,SILVER,315,0
654,695,Spain,Male,44,8,0,2,1,1,70974.13,0,2,DIAMOND,544,0
655,612,Spain,Female,62,0,167026.61,2,1,1,192892.05,0,1,PLATINUM,739,0
656,782,Spain,Male,52,4,0,1,1,1,52759.82,1,4,GOLD,741,1
657,671,Spain,Female,29,6,0,2,0,0,12048.67,0,2,GOLD,328,0
658,723,Spain,Male,38,6,0,2,1,1,94415.6,0,2,PLATINUM,500,0
659,850,Spain,Female,24,1,0,2,0,1,69052.87,0,3,SILVER,888,0
660,682,Spain,Female,59,0,122661.39,1,0,1,84803.76,0,1,PLATINUM,686,0
661,599,Spain,Female,46,7,81742.84,2,1,0,83282.21,0,3,PLATINUM,381,0
662,727,Spain,Male,71,8,0,1,1,1,198446.91,1,4,GOLD,869,1
663,756,Spain,Male,30,2,145127.85,1,0,0,7554.68,0,2,SILVER,774,0
664,634,Spain,Female,41,4,0,2,1,1,164549.74,0,4,DIAMOND,311,0
665,650,Spain,Female,30,6,0,1,0,0,67997.13,1,4,GOLD,963,1
666,655,Spain,Male,34,1,116114.93,1,1,1,49492.15,0,5,GOLD,601,0
667,513,Spain,Female,31,5,174853.46,1,1,0,84238.63,0,5,SILVER,640,0
668,689,Spain,Male,40,2,0,2,1,1,164768.82,0,4,GOLD,490,0
669,645,Spain,Male,36,4,59893.85,2,1,0,43999.64,0,5,DIAMOND,420,0
670,848,Spain,Male,22,7,120811.89,1,1,1,185510.34,0,5,GOLD,295,0
671,592,Spain,Female,40,2,200322.45,1,1,1,113244.73,0,5,PLATINUM,482,0
672,587,Spain,Male,48,1,0,2,1,1,8908,0,5,DIAMOND,660,0
673,550,Spain,Male,62,7,80927.56,1,0,1,64490.67,0,5,GOLD,679,0
674,622,Spain,Female,41,9,0,2,1,1,155786.39,0,3,PLATINUM,292,0
675,635,Spain,Female,34,5,98683.47,2,1,0,15733.19,0,3,SILVER,558,0
676,550,Spain,Male,34,3,0,2,0,0,131281.28,0,5,SILVER,806,0
677,762,Spain,Male,35,9,122929.42,2,0,0,149822.04,0,3,SILVER,504,0
678,850,Spain,Male,49,8,0,1,0,0,25867.67,1,2,PLATINUM,240,1
679,605,Spain,Female,29,3,116805.82,1,0,0,4092.75,0,5,PLATINUM,851,0
680,768,Spain,Female,42,3,0,1,0,0,161242.99,1,1,SILVER,651,1
681,638,Spain,Male,48,2,0,2,1,1,7919.08,0,1,DIAMOND,674,0
682,661,Spain,Female,42,9,75361.44,1,1,0,27608.12,1,2,PLATINUM,828,1
683,702,Spain,Male,30,2,0,2,1,1,145537.32,0,3,GOLD,786,0
684,625,Spain,Female,31,8,0,2,1,0,151843.54,0,2,SILVER,617,0
685,637,Spain,Female,22,5,98800,1,1,0,122865.55,0,2,SILVER,430,0
686,425,Spain,Female,39,5,0,2,1,0,140941.47,0,1,DIAMOND,426,0
687,730,Spain,Male,26,3,0,1,1,0,34542.41,0,3,GOLD,805,0
688,779,Spain,Female,34,5,0,2,0,1,111676.63,0,1,SILVER,945,0
689,542,Spain,Male,32,2,131945.94,1,0,1,159737.56,0,3,SILVER,406,0
690,799,Spain,Male,35,7,0,2,0,1,140780.8,0,4,PLATINUM,695,0
691,520,Spain,Female,35,4,115680.81,1,1,1,90280.7,0,5,PLATINUM,275,0
692,850,Spain,Female,23,9,143054.85,1,0,1,62980.96,0,3,PLATINUM,930,0
693,574,Spain,Female,28,7,0,2,0,0,185660.3,0,1,PLATINUM,626,0
694,648,Spain,Male,42,2,98795.61,2,1,0,89123.99,0,5,GOLD,365,0
695,698,Spain,Female,40,0,92053.44,1,1,1,143681.83,0,4,DIAMOND,970,0
696,655,Spain,Female,34,4,109783.69,2,1,0,134034.32,0,1,PLATINUM,985,0
697,630,Spain,Female,21,1,85818.18,1,1,1,133102.3,0,2,DIAMOND,374,0
698,763,Spain,Male,67,9,148564.66,1,0,1,87236.4,0,1,PLATINUM,595,0
699,726,Spain,Female,56,8,123110.9,3,0,1,130113.78,1,4,DIAMOND,873,1
700,670,Spain,Male,30,3,133446.34,1,0,0,3154.95,0,5,GOLD,317,0
701,650,Spain,Male,41,3,128808.65,3,0,0,113677.53,1,2,DIAMOND,676,1
702,694,Spain,Male,38,7,121527.4,1,1,0,113481.02,0,4,PLATINUM,582,0
703,698,Spain,Female,31,8,185078.26,1,0,0,115337.74,1,5,GOLD,921,1
704,700,Spain,Male,31,7,0,2,0,1,145151.96,0,1,GOLD,676,0
705,850,Spain,Male,51,3,109799.55,2,1,1,12457.76,1,3,PLATINUM,974,1
706,604,Spain,Female,71,10,0,2,1,1,129984.2,0,1,GOLD,750,0
707,778,Spain,Male,40,8,104291.41,2,1,1,117507.11,0,5,GOLD,998,0
708,705,Spain,Male,44,0,184552.12,1,1,0,68860.3,1,3,DIAMOND,295,1
709,532,Spain,Female,66,3,0,1,1,1,115227.02,0,1,DIAMOND,955,0
710,498,Spain,Male,29,8,127864.26,1,1,1,46677.9,0,5,SILVER,404,0
711,592,Spain,Male,38,0,0,1,1,0,65986.48,1,1,GOLD,354,1
712,695,Spain,Female,34,9,0,2,1,1,67502.12,0,1,GOLD,774,0
713,538,Spain,Female,30,8,0,2,1,1,41192.95,0,3,GOLD,495,0
714,714,Spain,Female,33,10,103121.33,2,1,1,49672.01,0,4,PLATINUM,830,0
715,569,Spain,Female,34,3,0,1,1,0,133997.53,0,1,PLATINUM,824,0
716,527,Spain,Male,33,9,132168.28,1,0,0,98734.15,0,3,GOLD,399,0
717,575,Spain,Male,53,1,84903.33,2,0,1,26015.8,0,3,GOLD,899,0
718,683,Spain,Male,40,8,0,1,1,0,75848.22,0,4,PLATINUM,221,0
719,653,Spain,Male,35,6,116662.96,2,1,1,23864.21,0,2,DIAMOND,262,0
720,850,Spain,Female,36,2,155180.56,2,0,0,169415.54,0,2,DIAMOND,419,0
721,528,Spain,Male,40,4,0,2,1,0,25399.7,0,3,GOLD,345,0
722,513,Spain,Male,48,2,0,1,1,1,114709.13,1,3,SILVER,497,1
723,529,Spain,Male,38,7,99842.5,2,1,0,90256.06,1,4,DIAMOND,220,1
724,710,Spain,Female,75,5,0,2,1,1,9376.89,0,1,GOLD,857,0
725,534,Spain,Male,51,3,0,2,0,1,20856.31,0,5,GOLD,253,0
726,551,Spain,Male,32,4,0,2,1,0,53420.53,0,3,DIAMOND,921,0
727,559,Spain,Female,27,1,0,1,0,1,1050.33,0,5,DIAMOND,658,0
728,545,Spain,Male,36,8,73211.12,2,1,0,89587.34,1,3,PLATINUM,472,1
729,671,Spain,Male,38,0,92674.94,2,1,0,3647.57,0,4,SILVER,759,0
730,439,Spain,Male,52,3,96196.24,4,1,0,198874.52,1,1,GOLD,397,1
731,545,Spain,Female,33,7,173331.52,1,1,0,150452.88,0,4,DIAMOND,716,0
732,604,Spain,Female,35,7,147285.52,1,1,1,57807.05,0,5,PLATINUM,1000,0
733,657,Spain,Male,67,5,119785.47,2,1,1,107534.32,0,1,PLATINUM,876,0
734,487,Spain,Female,36,1,140137.15,1,1,0,194073.33,0,2,DIAMOND,677,0
735,660,Spain,Male,42,5,0,2,1,0,115509.59,0,5,SILVER,491,0
736,586,Spain,Male,34,5,168094.01,1,0,0,20058.61,0,3,GOLD,287,0
737,626,Spain,Female,26,8,148610.41,3,0,1,104502.02,1,5,PLATINUM,410,1
738,802,Spain,Male,41,6,0,2,1,0,47322.05,0,2,DIAMOND,340,0
739,538,Spain,Female,42,9,0,1,0,0,152855.96,0,4,SILVER,641,0
740,685,Spain,Male,34,6,83264.28,1,0,0,9663.28,0,5,GOLD,449,0
741,588,Spain,Male,46,8,0,1,1,0,61931.21,0,5,GOLD,950,0
742,687,Spain,Male,35,8,100988.39,2,1,0,22247.27,0,2,SILVER,594,0
743,718,Spain,Male,28,6,0,2,1,0,146875.86,0,4,DIAMOND,319,0
744,711,Spain,Female,28,5,0,2,1,1,93959.96,0,3,DIAMOND,979,0
745,555,Spain,Female,26,9,0,2,0,1,158918.03,0,3,SILVER,554,0
746,519,Spain,Male,39,4,111900.14,1,1,1,97577.17,0,2,PLATINUM,377,0
747,734,Spain,Female,37,0,152760.24,1,1,1,48990.5,0,4,DIAMOND,763,0
748,616,Spain,Male,31,7,76665.71,2,1,1,163809.08,0,3,GOLD,468,0
749,696,Spain,Female,36,7,0,2,1,1,82298.59,0,3,PLATINUM,291,0
750,681,Spain,Male,30,2,111093.01,1,1,0,68985.99,0,5,PLATINUM,691,0
751,641,Spain,Male,42,9,132657.55,1,1,0,35367.19,0,3,GOLD,351,0
752,505,Spain,Female,45,9,131355.3,3,1,0,195395.33,1,2,PLATINUM,661,1
753,850,Spain,Female,41,3,99945.93,2,1,0,71179.31,0,2,GOLD,252,0
754,526,Spain,Female,43,3,0,2,1,0,31705.19,0,5,PLATINUM,989,0
755,703,Spain,Female,45,1,0,1,1,0,182784.11,1,2,SILVER,919,1
756,745,Spain,Female,59,8,0,1,1,1,36124.98,0,2,DIAMOND,949,0
757,729,Spain,Female,45,7,91091.06,2,1,0,71133.12,0,1,PLATINUM,632,0
758,696,Spain,Female,43,4,0,2,1,1,66406.37,0,4,DIAMOND,678,0
759,526,Spain,Male,30,8,0,1,1,0,36251,0,3,DIAMOND,268,0
760,628,Spain,Male,43,3,184926.61,1,1,0,122937.57,0,4,GOLD,642,0
761,590,Spain,Female,29,2,166930.76,2,1,0,122487.73,0,3,SILVER,768,0
762,648,Spain,Female,27,7,0,2,1,1,163060.43,0,3,DIAMOND,983,0
763,605,Spain,Male,39,10,105317.73,2,1,0,138021.36,0,1,PLATINUM,798,0
764,495,Spain,Female,45,3,89158.94,3,1,0,135169.76,1,1,PLATINUM,284,1
765,829,Spain,Female,26,8,101440.36,2,1,1,19324.5,0,5,DIAMOND,596,0
766,649,Spain,Male,29,2,45022.23,1,1,1,173495.77,0,4,PLATINUM,595,0
767,784,Spain,Male,48,7,0,2,1,1,182609.97,0,1,DIAMOND,354,0
768,783,Spain,Female,37,1,136689.66,1,1,0,197890.65,0,1,GOLD,412,0
769,540,Spain,Male,67,1,88382.01,1,0,1,59457,0,4,GOLD,409,0
770,680,Spain,Female,58,8,0,2,1,1,65708.5,0,5,GOLD,743,0
771,506,Spain,Male,35,6,110046.93,2,1,0,26318.73,0,1,GOLD,606,0
772,674,Spain,Male,32,2,0,2,1,0,140579.17,0,1,DIAMOND,787,0
773,527,Spain,Female,36,6,0,2,1,1,102280.29,0,5,DIAMOND,823,0
774,468,Spain,Male,28,3,0,2,1,0,170661.02,0,2,GOLD,306,0
775,734,Spain,Female,43,3,55853.33,2,0,1,94811.85,1,1,PLATINUM,263,1
776,627,Spain,Male,41,5,100880.76,1,0,1,134665.25,0,4,GOLD,395,0
777,696,Spain,Male,60,8,88786.81,1,1,1,196858.4,0,1,PLATINUM,628,0
778,597,Spain,Female,30,2,119370.11,1,1,1,182726.22,1,4,SILVER,851,1
779,560,Spain,Female,28,1,0,2,1,1,120880.72,0,3,SILVER,451,0
780,721,Spain,Male,43,3,88798.34,1,0,0,45610.63,0,2,GOLD,592,0
781,590,Spain,Female,23,7,0,2,1,0,196789.9,0,1,SILVER,469,0
782,736,Spain,Female,26,4,135889.13,1,1,1,165692.03,0,4,PLATINUM,253,0
783,832,Spain,Female,34,6,138190.13,2,0,1,146511.2,0,2,PLATINUM,424,0
784,795,Spain,Female,56,5,0,1,1,0,35418.69,1,5,PLATINUM,675,1
785,653,Spain,Male,30,4,0,2,1,0,120736.04,0,5,DIAMOND,739,0
786,648,Spain,Male,55,1,81370.07,1,0,1,181534.04,0,4,PLATINUM,564,0
787,752,Spain,Male,44,6,83870.33,1,1,0,178722.24,0,3,SILVER,238,0
788,643,Spain,Female,34,8,117451.47,1,1,0,65374.86,0,2,DIAMOND,531,0
789,641,Spain,Male,32,7,0,2,1,1,24267.28,0,4,GOLD,652,0
790,574,Spain,Male,34,5,0,2,0,0,28269.86,0,5,DIAMOND,626,0
791,470,Spain,Male,34,9,0,2,0,1,89013.67,0,4,DIAMOND,568,0
792,608,Spain,Male,34,7,86656.13,1,0,1,59890.29,0,1,SILVER,252,0
793,677,Spain,Male,40,5,0,2,1,0,88947.56,0,4,GOLD,314,0
794,577,Spain,Male,43,6,0,2,1,1,149457.81,0,3,DIAMOND,446,0
795,575,Spain,Female,37,9,133292.45,1,1,0,111175.09,0,2,PLATINUM,506,0
796,516,Spain,Female,45,8,109044.3,1,0,1,115818.16,0,5,GOLD,229,0
797,554,Spain,Male,66,8,0,2,1,1,116747.62,0,1,PLATINUM,259,0
798,599,Spain,Male,36,4,0,2,0,0,13210.56,0,3,DIAMOND,928,0
799,635,Spain,Male,24,4,140197.18,1,1,1,142935.83,0,4,SILVER,907,0
800,667,Spain,Male,56,2,168883.08,1,0,1,18897.78,0,2,PLATINUM,321,0
801,606,Spain,Female,53,1,109330.06,1,1,1,75860.01,0,5,DIAMOND,582,0
802,827,Spain,Male,46,1,183276.32,1,1,1,13460.27,0,4,DIAMOND,511,0
803,598,Spain,Female,56,4,98365.33,1,1,1,44251.33,0,5,DIAMOND,850,0
804,555,Spain,Female,24,2,0,2,0,1,197866.55,0,4,GOLD,347,0
805,776,Spain,Male,39,2,104349.45,1,0,0,79503.05,0,2,DIAMOND,995,0
806,595,Spain,Male,36,6,85768.42,1,1,1,24802.77,0,5,DIAMOND,301,0
807,684,Spain,Male,34,9,100628,2,1,1,190263.78,0,2,PLATINUM,451,0
808,673,Spain,Female,32,0,0,1,1,1,72873.33,0,4,GOLD,726,0
809,802,Spain,Male,38,7,0,2,0,1,57764.65,0,5,GOLD,476,0
810,762,Spain,Female,19,6,0,2,1,0,55500.17,0,1,DIAMOND,931,0
811,791,Spain,Male,25,7,0,1,1,0,89666.28,0,5,PLATINUM,740,0
812,735,Spain,Male,38,7,86131.71,2,0,0,93478.96,0,5,PLATINUM,692,0
813,688,Spain,Female,33,2,0,1,0,0,27557.18,1,1,DIAMOND,878,1
814,537,Spain,Male,30,1,103138.17,1,1,1,96555.42,0,4,SILVER,498,0
815,584,Spain,Male,32,9,85534.83,1,0,0,169137.24,0,5,PLATINUM,226,0
816,560,Spain,Female,43,4,95140.44,2,1,0,123181.44,1,5,DIAMOND,615,1
817,652,Spain,Male,37,7,0,2,1,0,68789.93,0,4,GOLD,932,0
818,773,Spain,Female,23,8,0,2,1,0,56759.79,0,5,DIAMOND,359,0
819,754,Spain,Female,19,9,0,1,1,0,189641.11,0,3,SILVER,933,0
820,592,Spain,Female,41,2,138734.94,1,1,0,90020.74,0,1,PLATINUM,308,0
821,593,Spain,Male,35,4,161637.75,1,1,1,20008.46,0,1,GOLD,391,0
822,506,Spain,Male,50,3,0,2,1,0,12016.79,0,3,DIAMOND,295,0
823,513,Spain,Male,72,3,98903.06,1,1,1,81251.24,0,5,DIAMOND,842,0
824,608,Spain,Female,63,3,139529.93,2,1,1,175696.16,1,2,GOLD,961,1
825,487,Spain,Female,31,1,0,2,1,0,158750.13,0,3,SILVER,546,0
826,808,Spain,Male,47,8,139196,1,0,1,74028.36,0,2,SILVER,801,0
827,802,Spain,Male,40,5,0,2,1,1,175043.69,0,4,GOLD,332,0
828,581,Spain,Female,31,6,0,2,1,0,188377.21,0,1,SILVER,644,0
829,690,Spain,Male,36,10,0,2,1,0,55902.93,0,2,GOLD,876,0
830,579,Spain,Male,56,4,99340.83,1,0,0,4523.74,1,1,DIAMOND,806,1
831,688,Spain,Female,24,3,0,2,1,1,102195.16,0,5,DIAMOND,739,0
832,599,Spain,Female,28,4,126833.79,2,1,0,60843.09,1,5,PLATINUM,252,1
833,670,Spain,Male,35,2,124268.64,2,0,1,84321.03,0,4,DIAMOND,301,0
834,739,Spain,Male,60,4,0,1,1,1,51637.67,0,1,DIAMOND,457,0
835,671,Spain,Female,34,5,130929.02,4,1,1,28238.25,1,1,PLATINUM,586,1
836,698,Spain,Female,47,6,0,1,1,0,50213.81,1,4,PLATINUM,625,1
837,735,Spain,Male,55,2,103176.62,1,0,1,163516.16,0,2,PLATINUM,708,0
838,803,Spain,Female,45,7,0,2,1,1,128378.04,0,1,PLATINUM,589,0
839,604,Spain,Female,26,3,0,2,1,0,155248.62,0,4,SILVER,679,0
840,766,Spain,Male,41,6,99208.46,2,1,0,62402.38,0,4,GOLD,224,0
841,420,Spain,Female,55,4,91893.32,1,1,0,144870.28,1,3,GOLD,970,1
842,632,Spain,Female,29,7,80922.75,1,1,0,7820.78,0,2,SILVER,434,0
843,578,Spain,Male,40,6,63609.92,1,0,0,74965.61,1,5,SILVER,783,1
844,493,Spain,Male,32,8,46161.18,1,1,1,79577.4,0,2,GOLD,606,0
845,688,Spain,Male,42,5,0,2,0,0,197602.29,0,4,SILVER,378,0
846,581,Spain,Male,49,10,0,2,0,0,41623.59,0,1,GOLD,242,0
847,597,Spain,Female,46,4,0,2,1,0,58667.16,1,5,SILVER,666,1
848,436,Spain,Male,43,5,0,2,1,1,35687.43,0,5,DIAMOND,557,0
849,560,Spain,Female,31,5,125341.69,1,1,0,79547.39,0,4,PLATINUM,797,0
850,657,Spain,Male,36,8,188241.05,2,0,0,183058.51,1,3,DIAMOND,382,1
851,781,Spain,Male,35,4,80790.74,1,1,0,116429.51,0,2,SILVER,456,0
852,697,Spain,Female,37,7,168066.87,1,1,0,35450.53,0,2,GOLD,231,0
853,679,Spain,Female,26,3,76554.06,1,1,1,184800.27,0,5,GOLD,795,0
854,720,Spain,Male,33,6,97188.62,1,0,0,91881.29,0,4,SILVER,605,0
855,746,Spain,Male,30,1,112666.67,1,0,0,11710.4,1,1,DIAMOND,585,1
856,623,Spain,Female,40,7,0,1,1,1,25904.12,0,5,SILVER,253,0
857,729,Spain,Female,34,9,53299.96,2,1,1,42855.97,0,3,PLATINUM,929,0
858,543,Spain,Male,37,3,0,2,1,1,78915.68,0,2,PLATINUM,701,0
859,499,Spain,Male,39,6,0,2,1,1,81409,0,3,GOLD,351,0
860,614,Spain,Female,25,10,75212.28,1,1,0,58965.04,0,5,PLATINUM,386,0
861,587,Spain,Female,35,3,83286.56,1,1,0,125553.52,0,5,DIAMOND,620,0
862,593,Spain,Male,43,10,0,2,0,0,53478.02,0,2,SILVER,602,0
863,632,Spain,Male,47,3,0,2,1,0,178822.32,0,3,DIAMOND,980,0
864,445,Spain,Male,45,10,0,2,0,1,90977.48,0,1,SILVER,797,0
865,806,Spain,Male,18,3,0,2,1,1,86994.54,0,2,GOLD,768,0
866,643,Spain,Female,32,2,0,1,0,0,131301.74,0,2,SILVER,691,0
867,584,Spain,Female,37,8,0,2,0,1,100835.19,0,2,SILVER,937,0
868,771,Spain,Male,18,1,0,2,0,0,41542.95,0,1,GOLD,371,0
869,661,Spain,Female,41,5,28082.95,1,1,0,69586.27,1,1,PLATINUM,605,1
870,627,Spain,Male,49,4,111087.5,1,0,1,146680.25,0,5,SILVER,900,0
871,453,Spain,Female,42,5,0,3,1,0,83008.49,1,1,GOLD,791,1
872,662,Spain,Male,37,5,94901.09,1,1,1,48233.75,0,1,DIAMOND,579,0
873,838,Spain,Female,67,4,103267.8,1,1,1,78310.04,0,5,GOLD,241,0
874,692,Spain,Female,34,4,109699.08,1,1,1,37898.91,0,2,SILVER,489,0
875,731,Spain,Male,33,1,0,1,1,0,130726.96,0,1,GOLD,462,0
876,542,Spain,Male,43,6,113567.94,1,1,0,89543.25,0,5,SILVER,237,0
877,662,Spain,Female,35,6,0,2,0,0,2423.9,1,4,DIAMOND,730,1
878,741,Spain,Male,40,4,104784.23,1,1,0,135163.76,1,5,DIAMOND,417,1
879,658,Spain,Male,36,1,0,2,0,1,84927.42,0,1,SILVER,374,0
880,491,Spain,Female,61,8,0,2,0,1,139861.53,0,4,PLATINUM,973,0
881,676,Spain,Female,30,5,0,2,0,1,157888.5,0,4,SILVER,608,0
882,746,Spain,Female,25,3,104833.79,1,0,0,71911.3,0,2,PLATINUM,367,0
883,470,Spain,Female,31,2,101675.22,2,1,0,45033.75,0,1,SILVER,788,0
884,714,Spain,Male,20,3,0,2,0,1,150465.93,0,1,PLATINUM,245,0
885,577,Spain,Male,43,8,79757.21,1,1,0,135650.72,1,3,SILVER,270,1
886,489,Spain,Male,40,3,221532.8,1,1,0,171867.08,0,5,DIAMOND,636,0
887,677,Spain,Male,56,5,123959.97,1,1,1,60590.72,1,1,DIAMOND,809,1
888,667,Spain,Male,77,2,0,1,1,1,34702.92,0,4,DIAMOND,965,0
889,635,Spain,Female,37,3,0,2,1,0,91086.73,0,2,PLATINUM,413,0
890,592,Spain,Male,55,8,85845.43,2,1,1,128918.42,0,2,PLATINUM,564,0
891,470,Spain,Male,31,4,55732.92,2,1,1,103792.53,0,5,GOLD,397,0
892,604,Spain,Female,39,7,98544.11,1,1,1,52327.57,0,2,PLATINUM,668,0
893,739,Spain,Male,19,5,89750.21,1,1,0,193008.52,0,3,PLATINUM,585,0
894,560,Spain,Female,26,3,116576.45,1,1,0,157567.37,0,4,PLATINUM,440,0
895,663,Spain,Male,31,4,103430.11,2,0,1,36479.27,0,4,GOLD,992,0
896,845,Spain,Female,52,0,0,1,1,0,31726.76,1,4,DIAMOND,408,1
897,555,Spain,Male,27,5,0,2,0,0,96398.51,0,3,GOLD,506,0
898,640,Spain,Male,62,3,0,1,1,1,101663.47,0,3,GOLD,395,0
899,494,Spain,Male,27,2,0,2,1,0,22404.64,0,2,DIAMOND,488,0
900,701,Spain,Female,21,9,0,2,1,1,26327.42,0,3,PLATINUM,434,0
901,631,Spain,Male,33,2,0,2,1,1,158268.84,0,1,SILVER,246,0
902,650,Spain,Male,25,7,160599.06,2,1,1,28391.52,0,3,DIAMOND,268,0
903,850,Spain,Male,22,3,0,1,1,1,144385.54,0,4,PLATINUM,495,0
904,620,Spain,Male,44,8,0,2,1,1,15627.51,0,5,DIAMOND,940,0
905,695,Spain,Female,39,5,0,2,0,0,102763.69,0,3,DIAMOND,320,0
906,670,Spain,Male,67,6,158719.57,1,1,1,118607.4,0,3,SILVER,392,0
907,613,Spain,Male,35,4,123557.65,2,0,1,170903.4,0,3,SILVER,438,0
908,629,Spain,Female,44,6,125512.98,2,0,0,79082.76,0,5,PLATINUM,690,0
909,652,Spain,Female,42,3,83492.07,2,1,0,37914.12,0,1,PLATINUM,343,0
910,639,Spain,Female,39,1,141789.15,1,1,0,92455.96,0,3,PLATINUM,422,0
911,675,Spain,Male,66,5,115654.47,2,1,1,131970.86,0,2,GOLD,785,0
912,730,Spain,Male,29,2,0,2,1,0,14174.09,0,4,GOLD,523,0
913,683,Spain,Male,38,3,126152.84,1,0,0,15378.75,0,4,PLATINUM,611,0
914,663,Spain,Male,27,8,0,1,1,1,188007.99,0,1,GOLD,299,0
915,496,Spain,Male,29,2,0,2,1,0,55389.59,0,1,DIAMOND,382,0
916,717,Spain,Female,36,2,164557.95,1,0,1,82336.73,0,2,GOLD,321,0
917,535,Spain,Male,35,8,118989.92,1,1,1,135536.72,0,5,DIAMOND,895,0
918,593,Spain,Female,45,6,79259.75,1,1,0,55347.28,0,2,GOLD,255,0
919,835,Spain,Male,38,7,86824.09,1,0,0,175905.97,0,2,GOLD,348,0
920,584,Spain,Male,36,4,82696.09,2,0,0,83058.14,0,5,PLATINUM,925,0
921,599,Spain,Male,34,2,101506.66,1,0,0,198030.24,0,3,PLATINUM,447,0
922,745,Spain,Male,34,7,132944.53,1,1,1,31802.92,0,1,PLATINUM,720,0
923,579,Spain,Female,59,3,148021.12,1,1,1,74878.22,0,2,SILVER,360,0
924,647,Spain,Female,26,8,109958.15,1,1,1,136592.24,1,2,GOLD,271,1
925,609,Spain,Female,45,4,89122.3,1,1,1,199256.98,0,3,DIAMOND,573,0
926,596,Spain,Female,54,0,78126.28,1,1,1,153482.91,1,2,PLATINUM,479,1
927,700,Spain,Female,43,0,0,2,1,0,59475.35,0,4,SILVER,997,0
928,458,Spain,Female,35,5,166492.48,1,1,0,135287.74,0,3,SILVER,603,0
929,699,Spain,Male,31,6,114493.68,1,0,0,138396.32,0,4,DIAMOND,351,0
930,668,Spain,Male,34,0,0,1,0,0,99984.86,0,1,GOLD,865,0
931,594,Spain,Female,38,10,0,2,1,0,58332.91,0,3,PLATINUM,827,0
932,664,Spain,Male,35,1,115024.5,1,0,1,169665.79,0,2,DIAMOND,678,0
933,703,Spain,Male,73,5,137761.55,1,1,1,159677.46,0,5,GOLD,416,0
934,608,Spain,Female,56,5,0,2,0,1,153810.41,0,1,DIAMOND,921,0
935,548,Spain,Male,44,8,0,1,1,0,16989.77,0,1,SILVER,693,0
936,555,Spain,Female,35,1,0,2,1,0,101667,0,4,SILVER,417,0
937,734,Spain,Female,39,6,92126.26,2,0,0,112973.34,0,5,SILVER,872,0
938,645,Spain,Female,49,5,110132.55,3,0,1,187689.91,1,3,GOLD,390,1
939,598,Spain,Female,23,6,0,2,1,0,153229.19,0,2,GOLD,737,0
940,783,Spain,Male,38,1,0,3,1,1,80178.54,1,3,SILVER,534,1
941,646,Spain,Male,32,1,0,2,1,0,183289.22,0,3,DIAMOND,307,0
942,653,Spain,Female,36,3,0,2,0,0,110525.6,0,2,PLATINUM,504,0
943,570,Spain,Male,21,7,116099.82,1,1,1,148087.62,0,5,DIAMOND,888,0
944,530,Spain,Male,37,4,0,2,1,1,164844.37,0,2,PLATINUM,885,0
945,704,Spain,Female,37,9,155619.58,1,1,1,135088.58,0,5,GOLD,788,0
946,645,Spain,Male,45,4,0,1,0,1,174916.85,1,5,PLATINUM,668,1
947,595,Spain,Male,37,2,157084.99,1,1,0,134767.13,0,5,GOLD,974,0
948,575,Spain,Male,30,2,0,2,1,1,82222.86,0,1,PLATINUM,934,0
949,591,Spain,Female,40,1,86376.29,1,0,1,136767.16,1,4,SILVER,356,1
950,643,Spain,Female,45,9,150840.03,2,1,0,155516.35,0,2,GOLD,812,0
951,655,Spain,Male,37,1,0,1,1,1,106040.97,0,5,GOLD,226,0
952,581,Spain,Male,46,2,79385.21,2,0,0,188492.82,0,1,GOLD,639,0
953,539,Spain,Male,36,6,0,3,1,1,118959.64,0,3,PLATINUM,841,0
954,763,Spain,Female,39,7,0,2,1,0,19458.75,0,2,PLATINUM,311,0
955,566,Spain,Male,44,5,0,2,1,0,66462.79,0,5,PLATINUM,294,0
956,580,Spain,Female,65,1,0,2,0,1,103182.46,0,1,GOLD,352,0
957,581,Spain,Female,46,1,0,2,1,0,104272.04,0,5,PLATINUM,790,0
958,707,Spain,Female,32,4,132835.56,1,0,0,136877.24,0,2,SILVER,745,0
959,649,Spain,Male,20,5,0,2,1,1,58309.54,0,5,PLATINUM,496,0
960,657,Spain,Male,40,10,0,2,1,1,52990.7,0,3,GOLD,724,0
961,748,Spain,Male,58,9,122330.7,2,0,1,124429.19,0,1,DIAMOND,641,0
962,794,Spain,Female,28,5,0,2,0,1,86699.98,0,3,DIAMOND,734,0
963,652,Spain,Female,33,3,124832.51,1,1,0,195877.06,0,4,GOLD,407,0
964,748,Spain,Female,23,8,85600.08,1,0,0,134077.71,0,4,DIAMOND,872,0
965,551,Spain,Male,27,2,113873.22,1,1,1,85129.77,1,5,GOLD,522,1
966,685,Spain,Male,40,7,74896.92,1,1,0,198694.2,0,5,PLATINUM,692,0
967,711,Spain,Male,38,3,128718.78,1,0,0,114793.45,0,4,SILVER,862,0
968,761,Spain,Male,27,8,0,2,1,0,63297.7,0,5,SILVER,494,0
969,620,Spain,Male,21,9,0,2,0,0,154882.79,0,4,SILVER,400,0
970,834,Spain,Male,38,8,0,2,1,1,66485.26,0,3,GOLD,539,0
971,706,Spain,Male,38,8,0,2,0,1,46635.11,0,3,GOLD,826,0
972,696,Spain,Male,40,3,153639.11,1,1,1,138351.68,0,1,DIAMOND,908,0
973,809,Spain,Male,80,8,0,2,0,1,34164.05,0,3,DIAMOND,311,0
974,701,Spain,Female,33,7,123870.07,1,1,0,97794.71,0,1,GOLD,942,0
975,530,Spain,Female,41,4,0,2,0,1,147606.71,0,2,DIAMOND,955,0
976,835,Spain,Male,45,3,100212.13,1,1,0,152577.62,0,2,GOLD,398,0
977,514,Spain,Male,66,9,0,2,1,1,14234.31,0,5,PLATINUM,383,0
978,554,Spain,Male,46,4,0,2,0,1,57320.92,0,2,GOLD,262,0
979,620,Spain,Male,31,2,166833.86,2,1,1,135171.6,0,1,PLATINUM,312,0
980,603,Spain,Female,42,6,0,1,1,1,90437.87,0,4,DIAMOND,842,0
981,688,Spain,Male,37,7,138162.41,2,1,1,113926.31,0,2,GOLD,612,0
982,601,Spain,Female,42,4,96763.89,1,1,1,199242.65,0,2,PLATINUM,235,0
983,469,Spain,Female,31,6,0,1,1,0,146213.75,1,3,DIAMOND,219,1
984,479,Spain,Male,27,2,172463.45,1,1,1,40315.27,0,3,DIAMOND,704,0
985,738,Spain,Male,38,5,177997.07,1,0,1,19233.41,0,5,PLATINUM,799,0
986,635,Spain,Male,31,1,0,2,1,0,135382.23,0,5,PLATINUM,510,0
987,687,Spain,Female,36,5,0,1,1,0,17696.22,0,4,SILVER,630,0
988,720,Spain,Male,21,2,123200.78,1,1,1,180712.28,0,2,PLATINUM,291,0
989,618,Spain,Male,33,4,0,2,1,1,77550.18,0,1,SILVER,273,0
990,550,Spain,Male,51,5,0,2,1,0,153917.41,0,2,SILVER,977,0
991,655,Spain,Female,28,3,113811.85,2,0,1,76844.23,0,5,PLATINUM,890,0
992,529,Spain,Male,31,6,0,1,1,0,10625.91,0,4,DIAMOND,491,0
993,697,Spain,Male,30,1,0,2,0,0,735.79,0,5,SILVER,470,0
994,631,Spain,Male,23,3,0,2,1,0,13813.24,0,4,GOLD,234,0
995,676,Spain,Male,48,1,131659.59,2,0,1,14152.15,0,5,DIAMOND,438,0
996,850,Spain,Female,54,4,120952.74,1,1,0,66963.15,0,5,SILVER,396,0
997,581,Spain,Male,30,0,53291.86,1,0,0,196582.28,0,1,PLATINUM,314,0
998,781,Spain,Male,33,3,0,2,1,1,42556.33,0,2,GOLD,989,0
999,656,Spain,Male,47,1,0,2,1,1,197961.93,0,5,SILVER,402,0
1000,721,Spain,Male,33,5,0,2,0,1,117626.9,0,1,SILVER,300,0
1001,850,Spain,Female,45,4,114347.85,2,1,1,109089.04,0,4,SILVER,744,0
1002,583,Spain,Female,40,4,0,2,1,0,114093.73,0,2,DIAMOND,423,0
1003,764,Spain,Female,48,1,75990.97,1,1,0,158323.81,1,2,DIAMOND,298,1
1004,730,Spain,Male,62,5,112181.08,1,0,1,61513.87,0,4,DIAMOND,916,0
1005,820,Spain,Male,34,10,97208.46,1,1,1,59553.34,0,2,GOLD,827,0
1006,597,Spain,Female,26,7,0,2,1,0,110253.2,0,4,SILVER,235,0
1007,673,Spain,Female,57,4,0,2,1,1,49684.09,0,1,SILVER,428,0
1008,662,Spain,Male,33,3,0,2,0,1,68064.83,0,2,GOLD,603,0
1009,683,Spain,Male,41,0,148863.17,1,1,1,163911.32,0,2,GOLD,295,0
1010,815,Spain,Male,28,6,0,2,0,1,185547.71,0,2,SILVER,276,0
1011,671,Spain,Male,34,10,153360.02,1,1,0,140509.86,0,4,SILVER,761,0
1012,691,Spain,Male,40,1,0,2,1,1,145613.17,0,2,DIAMOND,878,0
1013,571,Spain,Female,31,3,0,2,1,1,194667.92,0,2,PLATINUM,492,0
1014,628,Spain,Male,42,7,0,2,0,1,172967.87,0,2,SILVER,283,0
1015,652,Spain,Female,38,1,103895.31,1,0,1,159649.44,0,3,SILVER,607,0
1016,692,Spain,Female,49,9,0,2,1,0,178342.63,0,1,PLATINUM,373,0
1017,675,Spain,Male,32,10,0,2,1,0,191545.65,0,3,GOLD,610,0
1018,712,Spain,Male,52,9,0,1,1,1,117977.45,1,1,GOLD,294,1
1019,540,Spain,Female,28,6,84121.04,1,0,1,80698.54,0,3,SILVER,939,0
1020,704,Spain,Male,33,3,0,2,1,0,73018.74,0,4,GOLD,697,0
1021,850,Spain,Male,39,0,141829.67,1,1,1,92748.16,0,3,DIAMOND,520,0
1022,587,Spain,Male,41,8,85109.21,1,1,0,1557.82,0,4,GOLD,318,0
1023,850,Spain,Male,62,5,0,2,1,1,180243.56,0,5,GOLD,324,0
1024,850,Spain,Female,45,5,174088.3,4,1,0,5669.31,1,1,GOLD,240,1
1025,850,Spain,Male,34,8,199229.14,1,0,0,68106.29,0,3,SILVER,850,0
1026,513,Spain,Female,42,10,0,2,0,1,73151.25,0,5,DIAMOND,809,0
1027,741,Spain,Male,43,0,0,2,1,1,2920.63,1,1,SILVER,242,1
1028,716,Spain,Male,33,2,0,2,1,1,92916.53,0,1,PLATINUM,531,0
1029,656,Spain,Male,26,4,139584.57,1,1,0,36308.93,0,4,SILVER,641,0
1030,675,Spain,Male,35,8,0,2,1,0,29062.25,0,2,PLATINUM,329,0
1031,656,Spain,Male,32,5,136963.12,1,1,0,133814.28,0,1,GOLD,995,0
1032,850,Spain,Female,31,3,121237.65,1,1,1,31022.56,0,3,PLATINUM,610,0
1033,550,Spain,Male,45,0,0,2,0,1,70399.71,0,1,SILVER,733,0
1034,625,Spain,Female,57,7,0,1,0,0,84106.17,1,1,SILVER,674,1
1035,612,Spain,Male,35,1,0,1,1,1,83256.26,1,1,SILVER,298,1
1036,628,Spain,Female,39,8,107553.33,1,1,0,117523.41,0,4,DIAMOND,256,0
1037,529,Spain,Female,43,5,0,2,0,0,79476.63,0,4,GOLD,400,0
1038,437,Spain,Male,28,2,109161.25,1,1,0,152987.42,0,1,GOLD,811,0
1039,792,Spain,Male,47,0,0,1,1,1,5557.88,1,4,DIAMOND,445,1
1040,627,Spain,Female,25,4,0,1,1,1,194313.93,0,5,SILVER,992,0
1041,589,Spain,Female,45,1,0,1,0,0,125939.22,1,4,SILVER,300,1
1042,767,Spain,Male,47,2,0,1,1,0,48161.18,1,3,GOLD,580,1
1043,648,Spain,Male,36,8,146943.38,2,1,1,130041.45,0,3,GOLD,780,0
1044,651,Spain,Female,36,8,0,2,1,0,91652.43,0,3,SILVER,823,0
1045,793,Spain,Male,63,0,0,2,0,1,27166.75,0,1,GOLD,529,0
1046,637,Spain,Female,54,5,0,1,0,1,150836.98,0,2,PLATINUM,259,0
1047,728,Spain,Female,29,1,0,1,1,1,83056.22,0,2,PLATINUM,300,0
1048,596,Spain,Female,76,9,134208.25,1,1,1,13455.43,0,5,DIAMOND,374,0
1049,790,Spain,Female,37,3,0,3,0,0,98897.32,0,3,PLATINUM,772,0
1050,794,Spain,Female,46,8,134593.79,1,1,1,46386.37,0,4,DIAMOND,351,0
1051,746,Spain,Male,24,10,68781.82,1,0,1,47997.39,0,1,SILVER,282,0
1052,640,Spain,Female,34,3,77826.8,1,1,1,168544.85,0,4,DIAMOND,329,0
1053,554,Spain,Female,41,4,112152.89,1,0,1,36242.19,0,1,DIAMOND,897,0
1054,731,Spain,Female,37,1,128932.4,1,1,1,180712.52,0,4,SILVER,868,0
1055,650,Spain,Female,23,5,0,1,1,1,180622.43,0,3,GOLD,918,0
1056,706,Spain,Female,46,2,127660.46,2,1,0,150156.82,1,2,PLATINUM,334,1
1057,733,Spain,Male,44,3,106070.89,1,0,1,101617.43,0,4,PLATINUM,705,0
1058,538,Spain,Male,68,9,0,2,1,0,110440.5,1,3,SILVER,252,1
1059,573,Spain,Male,56,3,154669.77,1,0,1,115462.27,1,5,SILVER,454,1
1060,555,Spain,Male,50,7,128061,2,1,1,62375.1,0,4,GOLD,977,0
1061,770,Spain,Male,46,9,190678.02,1,1,1,14725.36,0,5,PLATINUM,339,0
1062,727,Spain,Female,52,1,154733.97,1,1,0,80259.67,1,3,DIAMOND,786,1
1063,646,Spain,Male,69,10,115462.44,1,1,0,40421.87,0,2,GOLD,701,0
1064,850,Spain,Male,44,7,89118.26,1,1,0,104240.77,1,1,PLATINUM,668,1
1065,609,Spain,Male,34,7,140694.78,2,1,0,46266.63,0,3,DIAMOND,726,0
1066,616,Spain,Female,43,3,120867.18,1,1,0,18761.92,1,4,DIAMOND,386,1
1067,567,Spain,Female,45,1,157320.51,1,1,0,62193.92,0,4,PLATINUM,630,0
1068,714,Spain,Male,27,3,0,3,1,1,129130.09,0,5,SILVER,742,0
1069,748,Spain,Male,60,3,0,2,1,1,78194.37,0,1,DIAMOND,505,0
1070,691,Spain,Male,21,3,103000.94,1,1,1,104648.58,0,3,SILVER,346,0
1071,705,Spain,Female,57,3,0,2,1,1,34134.14,0,4,PLATINUM,778,0
1072,708,Spain,Female,64,5,0,3,0,1,112520.07,1,2,PLATINUM,465,1
1073,714,Spain,Male,25,2,0,1,1,1,132979.43,0,3,DIAMOND,484,0
1074,577,Spain,Female,44,8,115557,1,0,1,127506.76,0,1,DIAMOND,336,0
1075,554,Spain,Male,30,6,135370.12,1,1,1,179689.05,1,4,PLATINUM,664,1
1076,743,Spain,Male,41,7,0,1,1,0,163736.09,1,2,PLATINUM,832,1
1077,686,Spain,Male,45,3,74274.87,3,1,0,64907.48,1,4,GOLD,228,1
1078,840,Spain,Female,36,6,0,2,1,0,141364.27,0,2,GOLD,429,0
1079,558,Spain,Male,45,4,0,1,1,0,131807.14,0,4,GOLD,248,0
1080,571,Spain,Female,22,3,108117.1,1,0,1,53328.7,0,2,PLATINUM,920,0
1081,634,Spain,Female,35,10,0,1,1,0,82634.41,0,3,GOLD,557,0
1082,573,Spain,Male,50,0,159304.07,1,0,1,155915.24,1,4,SILVER,466,1
1083,546,Spain,Female,45,2,0,1,0,0,197789.83,1,4,DIAMOND,603,1
1084,732,Spain,Female,67,1,0,2,1,1,177783.04,0,5,DIAMOND,407,0
1085,553,Spain,Female,39,1,142876.98,2,1,0,44363.42,0,4,PLATINUM,649,0
1086,845,Spain,Female,38,2,112803.92,1,1,0,179631.85,0,1,DIAMOND,881,0
1087,604,Spain,Male,43,2,145081.72,1,1,1,23881.62,0,2,DIAMOND,852,0
1088,564,Spain,Female,35,9,0,2,1,1,105837.38,0,4,GOLD,505,0
1089,657,Spain,Male,42,5,41473.33,1,1,0,112979.6,1,2,GOLD,603,1
1090,608,Spain,Male,27,4,153325.1,1,1,1,199953.33,0,3,SILVER,778,0
1091,682,Spain,Female,47,10,134032.01,1,1,0,144290.97,0,3,DIAMOND,725,0
1092,630,Spain,Female,31,1,0,2,1,1,169802.73,0,4,PLATINUM,402,0
1093,588,Spain,Male,59,4,0,2,1,1,27435.41,0,3,SILVER,330,0
1094,621,Spain,Male,33,4,0,2,1,1,40299.23,0,4,SILVER,914,0
1095,633,Spain,Female,46,3,0,2,1,0,120250.58,0,2,DIAMOND,477,0
1096,812,Spain,Female,49,8,66079.45,2,0,0,91556.57,1,5,GOLD,632,1
1097,684,Spain,Female,31,8,0,2,1,0,188637.05,0,4,SILVER,515,0
1098,749,Spain,Female,28,3,0,1,1,0,3408.7,0,1,GOLD,811,0
1099,635,Spain,Female,32,8,0,2,1,1,19367.98,1,3,GOLD,491,1
1100,413,Spain,Male,35,2,0,2,1,1,60972.84,0,1,GOLD,541,0
1101,612,Spain,Male,33,5,69478.57,1,1,0,8973.67,1,1,PLATINUM,836,1
1102,826,Spain,Female,56,8,174506.1,2,0,1,161802.82,1,3,DIAMOND,808,1
1103,647,Spain,Female,64,1,91216,1,1,1,41800.18,0,1,DIAMOND,402,0
1104,825,Spain,Female,32,1,0,2,1,1,42935.15,0,1,PLATINUM,359,0
1105,850,Spain,Male,31,6,82613.56,2,1,0,149170.92,0,2,DIAMOND,791,0
1106,713,Spain,Female,47,1,0,1,1,0,107825.08,1,5,DIAMOND,571,1
1107,698,Spain,Male,45,5,164450.94,1,1,0,141970.02,1,3,SILVER,347,1
1108,761,Spain,Male,37,7,132730.17,1,1,0,199293.01,0,2,PLATINUM,649,0
1109,597,Spain,Female,66,3,0,1,1,1,70532.53,0,2,DIAMOND,414,0
1110,726,Spain,Male,30,8,134152.29,1,1,1,147822.44,0,1,PLATINUM,426,0
1111,750,Spain,Female,39,7,119565.92,1,1,0,87067.73,0,1,SILVER,918,0
1112,850,Spain,Female,29,7,0,2,1,0,23237.25,0,5,PLATINUM,241,0
1113,617,Spain,Male,38,7,0,1,1,1,27239.28,0,1,DIAMOND,743,0
1114,560,Spain,Female,27,7,124995.98,1,1,1,114669.79,0,5,SILVER,457,0
1115,629,Spain,Male,39,5,0,2,0,0,116748.14,0,5,GOLD,839,0
1116,581,Spain,Male,43,9,78022.61,1,0,1,30662.91,0,4,PLATINUM,914,0
1117,714,Spain,Female,31,6,152926.6,1,1,1,50899.91,0,3,DIAMOND,983,0
1118,548,Spain,Male,38,0,178056.54,2,1,0,38434.73,0,5,SILVER,427,0
1119,850,Spain,Male,39,6,206014.94,2,0,1,42774.84,1,5,PLATINUM,748,1
1120,710,Spain,Female,31,5,0,2,1,0,9561.73,0,3,PLATINUM,877,0
1121,710,Spain,Male,33,1,0,2,1,0,168313.17,0,2,GOLD,725,0
1122,617,Spain,Female,36,7,115617.24,1,1,1,71519.4,0,4,DIAMOND,801,0
1123,673,Spain,Male,39,8,138160,1,1,1,110468.51,0,3,SILVER,778,0
1124,651,Spain,Female,46,4,89743.05,1,1,0,156425.57,1,5,PLATINUM,860,1
1125,688,Spain,Female,35,6,0,1,1,0,25488.43,1,1,SILVER,901,1
1126,624,Spain,Female,36,0,0,2,1,0,111605.9,0,3,GOLD,353,0
1127,593,Spain,Female,46,2,76597.79,1,1,1,54453.72,0,1,GOLD,520,0
1128,554,Spain,Female,27,4,0,2,1,1,135083.73,0,5,SILVER,738,0
1129,697,Spain,Female,40,7,130334.35,2,0,1,116951.1,0,4,PLATINUM,850,0
1130,624,Spain,Female,38,8,0,2,1,0,95403.41,0,5,PLATINUM,735,0
1131,722,Spain,Female,35,1,120171.58,1,1,0,125240.8,0,2,SILVER,324,0
1132,581,Spain,Male,34,1,0,2,0,1,81175.25,0,3,SILVER,602,0
1133,567,Spain,Male,43,2,115643.58,2,0,0,174606.35,0,2,DIAMOND,754,0
1134,564,Spain,Male,48,5,132876.23,1,1,0,79259.77,0,1,DIAMOND,741,0
1135,650,Spain,Male,32,1,132187.73,2,1,1,178331.36,0,2,PLATINUM,960,0
1136,610,Spain,Female,45,3,0,1,1,0,38276.84,1,2,DIAMOND,589,1
1137,712,Spain,Male,74,5,0,2,0,0,151425.82,0,2,GOLD,942,0
1138,689,Spain,Female,57,4,0,2,1,0,136649.8,1,2,GOLD,909,1
1139,734,Spain,Female,39,3,92636.96,2,1,1,125671.29,0,2,SILVER,659,0
1140,622,Spain,Male,39,9,0,2,0,1,100862.36,0,2,PLATINUM,814,0
1141,700,Spain,Male,28,8,159900.38,1,0,0,22698.56,0,1,GOLD,227,0
1142,652,Spain,Male,58,6,0,2,0,1,170025.43,0,2,DIAMOND,596,0
1143,684,Spain,Female,42,3,103210.27,1,1,0,31002.03,0,4,PLATINUM,521,0
1144,580,Spain,Male,61,8,125921.37,1,1,1,94677.83,0,5,DIAMOND,700,0
1145,777,Spain,Female,35,3,0,2,1,1,17257.72,0,2,GOLD,616,0
1146,537,Spain,Male,42,1,190569.23,1,0,1,127154.8,0,2,DIAMOND,341,0
1147,536,Spain,Male,53,2,143923.96,1,1,0,2019.78,1,1,DIAMOND,572,1
1148,771,Spain,Male,45,0,139825.56,1,0,0,170984.97,1,5,GOLD,727,1
1149,622,Spain,Male,37,4,0,2,1,0,4459.5,0,3,PLATINUM,882,0
1150,602,Spain,Male,30,9,113672.18,2,0,0,102135.92,0,4,SILVER,653,0
1151,520,Spain,Male,45,7,107023.03,1,1,0,32903.93,0,3,GOLD,469,0
1152,631,Spain,Female,41,0,0,1,0,0,87959.83,0,2,PLATINUM,557,0
1153,844,Spain,Male,56,5,99529.7,1,0,1,157230.06,1,1,PLATINUM,293,1
1154,838,Spain,Male,35,0,0,2,0,1,197305.91,0,1,SILVER,502,0
1155,692,Spain,Female,44,8,0,1,0,1,159069.37,0,4,PLATINUM,706,0
1156,530,Spain,Male,44,6,0,2,0,0,55893.37,0,5,SILVER,333,0
1157,800,Spain,Male,38,1,0,2,1,0,51553.43,0,5,DIAMOND,959,0
1158,621,Spain,Male,42,8,68683.68,1,1,1,74157.71,0,4,SILVER,642,0
1159,619,Spain,Female,38,1,0,1,1,0,112442.63,1,4,PLATINUM,989,1
1160,511,Spain,Female,57,8,122950.31,1,1,1,181258.76,0,2,GOLD,757,0
1161,663,Spain,Male,64,6,0,2,0,1,15876.52,0,5,DIAMOND,653,0
1162,454,Spain,Male,40,2,123177.01,1,1,0,148309.98,0,1,SILVER,247,0
1163,743,Spain,Female,36,8,92716.96,1,1,1,33693.78,0,5,SILVER,338,0
1164,493,Spain,Female,48,7,0,2,1,0,48545.1,0,3,SILVER,592,0
1165,557,Spain,Male,34,3,0,1,0,1,123427.98,0,4,GOLD,489,0
1166,696,Spain,Female,36,3,0,3,1,0,65039.9,0,1,PLATINUM,349,0
1167,630,Spain,Female,49,1,0,2,0,1,162858.29,0,3,GOLD,998,0
1168,659,Spain,Female,38,9,0,2,1,1,35701.06,0,3,GOLD,609,0
1169,685,Spain,Male,39,9,0,2,1,1,18826.06,0,3,GOLD,632,0
1170,599,Spain,Female,31,3,0,1,1,1,130086.47,1,4,GOLD,936,1
1171,559,Spain,Female,31,1,139183.06,1,0,1,143360.56,0,1,DIAMOND,529,0
1172,615,Spain,Male,19,5,0,2,1,0,159920.92,0,3,DIAMOND,594,0
1173,487,Spain,Male,44,6,61691.45,1,1,1,53087.98,0,1,SILVER,936,0
1174,526,Spain,Male,35,5,0,2,1,1,105618.14,0,3,PLATINUM,557,0
1175,767,Spain,Male,37,7,0,2,1,1,24734.25,0,4,GOLD,234,0
1176,737,Spain,Female,45,2,0,2,0,1,177695.67,0,2,GOLD,614,0
1177,711,Spain,Male,36,8,0,2,1,0,55207.41,0,3,GOLD,410,0
1178,850,Spain,Female,53,7,65407.16,2,0,0,182633.63,1,1,PLATINUM,480,1
1179,664,Spain,Female,53,7,187602.18,1,1,0,186392.99,1,2,SILVER,712,1
1180,757,Spain,Female,44,9,0,2,1,0,177528.92,0,3,GOLD,579,0
1181,621,Spain,Male,34,8,0,1,0,0,47972.65,0,3,DIAMOND,309,0
1182,709,Spain,Male,35,2,0,2,1,0,104982.39,0,2,GOLD,422,0
1183,756,Spain,Male,19,4,130274.22,1,1,1,133535.29,0,4,SILVER,546,0
1184,719,Spain,Male,35,1,100829.94,1,1,1,165008.97,0,3,GOLD,657,0
1185,512,Spain,Male,39,3,0,1,1,0,134878.19,0,3,SILVER,397,0
1186,802,Spain,Male,41,5,0,2,1,1,134626.3,0,2,PLATINUM,349,0
1187,450,Spain,Female,34,2,0,2,1,0,175480.93,0,1,SILVER,920,0
1188,575,Spain,Female,26,7,0,2,1,0,112507.63,0,2,PLATINUM,346,0
1189,517,Spain,Male,39,3,0,2,0,1,12465.51,0,5,PLATINUM,805,0
1190,621,Spain,Male,39,8,0,2,1,0,36122.96,0,2,PLATINUM,399,0
1191,786,Spain,Female,32,6,114512.59,1,1,0,15796.66,0,3,DIAMOND,229,0
1192,636,Spain,Male,52,4,111284.53,1,0,1,32936.44,1,2,PLATINUM,858,1
1193,741,Spain,Female,42,9,121056.63,2,1,0,39122.58,0,4,PLATINUM,872,0
1194,660,Spain,Male,30,4,0,2,1,0,129149.06,0,3,DIAMOND,309,0
1195,752,Spain,Female,35,2,0,1,1,0,44335.54,1,4,PLATINUM,309,1
1196,561,Spain,Male,34,4,85141.79,2,1,1,29217.37,0,1,SILVER,866,0
1197,683,Spain,Male,56,7,50911.21,3,0,0,97629.31,1,2,DIAMOND,655,1
1198,687,Spain,Male,35,3,0,2,1,1,176450.19,0,2,SILVER,508,0
1199,794,Spain,Female,22,4,114440.24,1,1,1,107753.07,0,4,SILVER,226,0
1200,748,Spain,Male,36,4,141573.55,1,1,0,82158.14,0,3,SILVER,499,0
1201,663,Spain,Female,22,9,0,1,1,0,29135.89,1,5,DIAMOND,590,1
1202,645,Spain,Female,55,1,133676.65,1,0,1,17095.49,0,5,SILVER,557,0
1203,790,Spain,Male,32,3,0,1,1,0,91044.47,0,5,GOLD,730,0
1204,657,Spain,Female,27,8,0,2,0,0,6468.24,0,2,GOLD,354,0
1205,793,Spain,Male,29,8,96674.55,2,0,0,192120.66,0,4,DIAMOND,558,0
1206,783,Spain,Female,44,3,81811.71,1,1,0,164213.53,1,5,DIAMOND,611,1
1207,751,Spain,Male,33,4,79281.61,1,1,0,117547.76,0,4,GOLD,599,0
1208,562,Spain,Male,41,5,165445.04,2,1,0,85787.31,0,4,GOLD,766,0
1209,552,Spain,Female,34,4,0,2,1,0,140286.69,0,4,GOLD,878,0
1210,764,Spain,Male,29,5,0,2,1,0,65868.28,0,4,DIAMOND,275,0
1211,699,Spain,Male,40,2,0,1,1,0,78387.32,0,2,DIAMOND,231,0
1212,590,Spain,Male,30,3,0,2,1,0,83090.35,0,4,PLATINUM,332,0
1213,809,Spain,Female,33,3,0,2,0,1,141426.78,0,5,GOLD,627,0
1214,596,Spain,Female,29,6,0,2,1,0,116696.77,0,2,SILVER,447,0
1215,407,Spain,Male,37,1,0,1,1,1,49161.12,1,1,GOLD,900,1
1216,539,Spain,Female,39,6,62052.28,1,0,1,59755.14,0,4,GOLD,693,0
1217,682,Spain,Female,50,10,128039.01,1,1,1,102260.16,0,4,SILVER,947,0
1218,526,Spain,Female,33,8,114634.63,2,1,0,110114.38,1,2,SILVER,624,1
1219,513,Spain,Male,39,7,89039.9,2,1,1,146738.83,0,1,DIAMOND,675,0
1220,640,Spain,Male,43,9,172478.15,1,1,0,191084.4,1,4,DIAMOND,844,1
1221,528,Spain,Male,43,7,97473.87,2,1,1,159823.16,0,3,PLATINUM,654,0
1222,772,Spain,Female,39,4,122486.11,2,1,1,140709.25,0,2,SILVER,925,0
1223,679,Spain,Male,58,9,109327.65,1,1,1,3829.13,0,3,DIAMOND,902,0
1224,629,Spain,Male,34,1,121151.05,1,0,0,119357.93,0,1,PLATINUM,938,0
1225,731,Spain,Male,42,9,101043.63,1,1,1,192175.52,0,4,PLATINUM,882,0
1226,660,Spain,Male,33,2,80462.24,1,0,0,150422.35,0,2,DIAMOND,652,0
1227,543,Spain,Female,46,5,140355.6,1,1,1,85086.78,0,2,GOLD,880,0
1228,604,Spain,Male,41,3,0,1,0,0,11819.84,0,4,PLATINUM,536,0
1229,655,Spain,Female,35,1,106405.03,1,1,1,82900.25,0,3,DIAMOND,580,0
1230,689,Spain,Male,38,2,0,1,1,1,82709.8,0,5,DIAMOND,621,0
1231,681,Spain,Male,30,2,128393.29,1,1,1,180593.45,0,1,SILVER,906,0
1232,638,Spain,Female,55,2,155828.22,1,0,1,108987.25,1,2,SILVER,381,1
1233,776,Spain,Male,35,8,106365.29,1,1,1,148527.56,0,5,GOLD,454,0
1234,667,Spain,Female,23,6,136100.69,2,0,0,169669.33,1,1,DIAMOND,606,1
1235,684,Spain,Female,36,4,0,1,1,0,117038.96,0,1,SILVER,718,0
1236,659,Spain,Female,33,8,115409.6,1,0,1,1539.21,0,1,SILVER,595,0
1237,722,Spain,Male,43,1,0,1,1,0,44560.17,1,5,SILVER,448,1
1238,559,Spain,Female,40,7,144470.77,1,1,1,18917.95,0,3,SILVER,255,0
1239,584,Spain,Female,38,3,0,2,1,1,4525.4,0,2,GOLD,941,0
1240,754,Spain,Male,35,4,0,2,1,1,9658.41,0,1,SILVER,474,0
1241,554,Spain,Female,46,7,87603.35,3,0,1,96929.24,1,4,PLATINUM,818,1
1242,656,Spain,Male,33,4,0,2,1,0,116706,0,4,SILVER,994,0
1243,480,Spain,Male,47,8,75408.33,1,1,0,25887.89,1,4,SILVER,556,1
1244,758,Spain,Female,35,5,0,2,0,0,100365.51,0,1,DIAMOND,833,0
1245,657,Spain,Male,34,5,154983.98,1,1,0,27738.01,0,2,PLATINUM,762,0
1246,606,Spain,Male,38,7,128578.52,1,1,1,193878.51,0,4,SILVER,260,0
1247,829,Spain,Male,50,7,0,2,0,1,178458.86,0,2,SILVER,332,0
1248,567,Spain,Male,29,8,0,2,1,0,156125.72,0,3,GOLD,914,0
1249,712,Spain,Female,44,2,0,2,0,0,45738.94,0,5,PLATINUM,334,0
1250,793,Spain,Male,25,3,100913.57,1,0,0,10579.72,0,5,SILVER,793,0
1251,471,Spain,Male,26,8,0,2,1,1,179655.87,0,4,GOLD,388,0
1252,784,Spain,Male,38,10,122267.85,1,0,0,145759.93,0,5,PLATINUM,510,0
1253,704,Spain,Male,36,8,127397.34,1,1,0,151335.24,0,1,DIAMOND,555,0
1254,640,Spain,Male,36,4,0,1,0,0,173016.46,0,4,SILVER,362,0
1255,739,Spain,Male,31,1,0,2,1,1,58469.75,0,1,GOLD,252,0
1256,614,Spain,Female,41,7,146997.64,2,0,0,137791.18,0,5,PLATINUM,524,0
1257,712,Spain,Female,79,5,108078.56,1,1,1,174118.93,0,2,GOLD,583,0
1258,655,Spain,Female,29,9,0,2,0,1,85736.26,0,5,DIAMOND,686,0
1259,792,Spain,Male,25,8,142862.21,1,1,1,130639.01,0,5,PLATINUM,298,0
1260,743,Spain,Male,35,6,79388.33,1,1,1,193360.69,0,3,DIAMOND,585,0
1261,724,Spain,Female,41,4,142880.28,3,0,0,185541.2,1,5,SILVER,905,1
1262,653,Spain,Female,38,9,149571.94,1,1,0,118383.18,0,1,SILVER,896,0
1263,719,Spain,Male,50,2,0,2,0,0,10772.13,0,4,PLATINUM,930,0
1264,740,Spain,Male,43,9,0,1,1,0,199290.68,1,4,PLATINUM,891,1
1265,705,Spain,Female,46,5,89364.91,1,0,1,139162.15,0,4,GOLD,336,0
1266,650,Spain,Male,20,8,0,2,1,1,113469.65,0,4,PLATINUM,776,0
1267,572,Spain,Female,26,5,0,2,1,0,119381.41,0,2,SILVER,502,0
1268,622,Spain,Female,58,2,0,2,1,1,33277.31,0,5,PLATINUM,746,0
1269,662,Spain,Male,20,9,104508.77,2,0,0,73107.53,0,5,DIAMOND,944,0
1270,714,Spain,Male,44,7,0,1,0,1,6923.11,0,2,DIAMOND,902,0
1271,847,Spain,Female,37,9,112712.17,1,1,0,116097.26,0,1,GOLD,355,0
1272,650,Spain,Male,55,9,119618.42,1,1,1,29861.13,0,4,GOLD,405,0
1273,710,Spain,Female,28,6,0,1,1,0,48426.98,0,3,GOLD,406,0
1274,536,Spain,Female,28,4,0,1,1,1,136197.65,0,1,PLATINUM,937,0
1275,677,Spain,Female,35,0,0,2,0,0,76637.38,0,4,SILVER,889,0
1276,832,Spain,Male,29,8,93833.86,1,0,1,10417.87,0,2,GOLD,294,0
1277,721,Spain,Female,46,7,137933.39,1,1,1,67976.57,0,4,GOLD,249,0
1278,542,Spain,Male,54,8,105770.14,1,0,1,140929.98,1,4,DIAMOND,780,1
1279,654,Spain,Female,54,5,0,2,0,1,47139.06,0,3,SILVER,613,0
1280,821,Spain,Female,38,8,0,2,0,1,126241.4,1,2,PLATINUM,974,1
1281,479,Spain,Male,37,6,118433.94,1,0,1,160060.9,0,2,GOLD,956,0
1282,700,Spain,Male,47,4,0,1,1,0,121798.52,1,2,GOLD,810,1
1283,774,Spain,Male,32,9,0,2,1,0,10604.48,0,3,DIAMOND,752,0
1284,719,Spain,Female,48,5,0,2,0,0,78563.66,0,4,GOLD,922,0
1285,646,Spain,Male,31,2,0,1,1,1,170821.43,1,4,DIAMOND,350,1
1286,731,Spain,Male,70,3,0,2,1,1,141180.66,0,2,DIAMOND,409,0
1287,585,Spain,Male,36,10,0,2,1,1,180318.6,0,3,SILVER,722,0
1288,555,Spain,Male,33,5,127343.4,1,0,1,121789.3,0,1,PLATINUM,311,0
1289,699,Spain,Female,50,0,158633.61,1,1,0,193785.87,0,1,SILVER,835,0
1290,762,Spain,Female,69,9,183744.98,1,1,1,196993.69,0,3,DIAMOND,323,0
1291,842,Spain,Male,46,9,0,1,0,0,17268.02,0,1,SILVER,675,0
1292,455,Spain,Female,43,6,0,1,1,1,81250.79,0,5,PLATINUM,885,0
1293,544,Spain,Male,30,8,145241.63,1,1,1,80676.83,0,1,DIAMOND,388,0
1294,800,Spain,Male,38,9,0,1,1,0,78744.39,0,2,DIAMOND,350,0
1295,699,Spain,Female,29,9,127570.93,2,1,0,164756.81,0,1,SILVER,901,0
1296,591,Spain,Female,27,5,107812.67,1,0,1,162501.83,1,2,SILVER,792,1
1297,569,Spain,Male,43,8,161546.68,2,0,1,178187.28,0,2,PLATINUM,415,0
1298,661,Spain,Female,35,5,128415.45,1,1,0,142626.49,0,5,SILVER,969,0
1299,663,Spain,Male,30,4,0,3,1,0,101371.05,0,1,DIAMOND,604,0
1300,826,Spain,Male,41,5,146466.46,2,0,0,180934.67,0,3,GOLD,984,0
1301,735,Spain,Male,36,5,0,2,1,0,105152.17,0,3,PLATINUM,259,0
1302,562,Spain,Female,29,9,120307.58,1,1,1,6795.61,0,1,DIAMOND,500,0
1303,850,Spain,Male,38,2,94652.04,1,1,1,171960.76,0,3,PLATINUM,475,0
1304,782,Spain,Female,27,3,0,2,1,0,143614.01,0,3,DIAMOND,858,0
1305,779,Spain,Female,38,7,0,2,1,1,138542.87,0,4,GOLD,433,0
1306,702,Spain,Female,38,2,0,1,1,1,161888.63,0,2,GOLD,364,0
1307,637,Spain,Male,43,3,172196.23,1,1,1,104769.96,0,4,GOLD,550,0
1308,584,Spain,Female,29,4,0,2,1,0,88866.92,0,3,DIAMOND,781,0
1309,662,Spain,Female,72,7,140301.72,1,0,1,179258.67,0,4,DIAMOND,832,0
1310,803,Spain,Male,43,3,0,1,1,0,72051.44,0,4,SILVER,351,0
1311,481,Spain,Male,39,1,111233.09,1,1,1,123995.15,0,3,PLATINUM,955,0
1312,554,Spain,Male,26,8,149134.46,1,1,1,177966.24,0,1,SILVER,631,0
1313,672,Spain,Male,43,5,0,2,1,1,64515.5,0,5,GOLD,784,0
1314,655,Spain,Female,27,9,0,2,0,0,108008.05,0,2,DIAMOND,730,0
1315,463,Spain,Male,20,8,204223.03,1,1,0,128268.39,0,2,SILVER,983,0
1316,713,Spain,Female,48,1,163760.82,1,0,0,157381.14,1,2,DIAMOND,239,1
1317,547,Spain,Female,44,5,0,3,0,0,5459.07,1,1,DIAMOND,471,1
1318,577,Spain,Female,40,1,0,2,1,1,108787,0,1,GOLD,530,0
1319,652,Spain,Female,40,7,100471.34,1,1,1,124550.88,0,3,GOLD,840,0
1320,687,Spain,Male,31,3,0,2,0,0,48228.1,0,2,PLATINUM,575,0
1321,386,Spain,Female,53,1,131955.07,1,1,1,62514.65,1,5,GOLD,676,1
1322,684,Spain,Female,41,1,134177.06,1,0,0,177506.66,0,1,PLATINUM,456,0
1323,635,Spain,Female,38,1,0,2,1,0,90605.05,0,4,GOLD,399,0
1324,613,Spain,Male,19,5,0,1,1,1,176903.35,0,1,SILVER,327,0
1325,604,Spain,Female,41,10,0,2,1,1,166224.39,0,2,DIAMOND,876,0
1326,619,Spain,Female,44,6,52831.13,1,1,1,112649.22,1,3,SILVER,245,1
1327,634,Spain,Male,25,9,0,2,1,1,8227.91,0,2,GOLD,730,0
1328,531,Spain,Female,42,6,75302.85,2,0,0,57034.35,0,1,PLATINUM,505,0
1329,449,Spain,Female,31,1,113693,1,0,0,82796.29,0,1,GOLD,395,0
1330,684,Spain,Female,36,5,174180.39,1,1,0,119830.08,0,1,DIAMOND,364,0
1331,712,Spain,Female,48,8,0,2,1,0,183235.33,0,2,SILVER,923,0
1332,654,Spain,Male,40,5,105683.63,1,1,0,173617.09,0,5,DIAMOND,250,0
1333,744,Spain,Male,31,0,117551.23,1,1,0,158958.9,0,3,PLATINUM,633,0
1334,525,Spain,Male,36,3,77910.23,1,1,0,67238.01,0,3,SILVER,976,0
1335,720,Spain,Female,59,6,0,2,1,1,160849.43,1,3,DIAMOND,521,1
1336,710,Spain,Female,29,3,119670.18,1,1,0,188022.44,0,4,DIAMOND,913,0
1337,717,Spain,Male,33,1,99106.73,1,0,0,194467.23,0,2,GOLD,294,0
1338,815,Spain,Female,57,5,0,3,0,0,38941.44,1,4,SILVER,693,1
1339,680,Spain,Male,42,0,0,1,1,0,136377.21,0,3,DIAMOND,821,0
1340,649,Spain,Male,32,1,0,1,0,1,91167.19,1,5,SILVER,373,1
1341,592,Spain,Male,35,6,80285.16,1,1,0,72678.75,1,5,DIAMOND,653,1
1342,771,Spain,Male,51,5,135506.58,3,1,1,152479.64,1,5,SILVER,853,1
1343,539,Spain,Male,39,2,0,2,1,1,48189.94,0,4,GOLD,457,0
1344,575,Spain,Male,52,8,123925.23,1,0,0,111342.66,1,4,PLATINUM,650,1
1345,598,Spain,Female,39,5,0,2,1,1,83103.46,0,3,SILVER,926,0
1346,776,Spain,Male,30,6,0,2,0,1,63908.86,0,2,GOLD,928,0
1347,606,Spain,Female,23,10,70417.79,1,0,1,90896.04,0,4,DIAMOND,437,0
1348,686,Spain,Male,38,7,111484.88,1,1,1,76076.2,0,4,DIAMOND,784,0
1349,850,Spain,Male,38,1,146343.98,1,0,1,103902.11,0,4,GOLD,973,0
1350,850,Spain,Male,36,0,0,2,1,0,141242.57,0,3,SILVER,863,0
1351,727,Spain,Male,28,1,0,1,1,0,40357.39,0,4,DIAMOND,979,0
1352,669,Spain,Male,22,10,0,2,1,0,176163.74,0,3,PLATINUM,408,0
1353,639,Spain,Female,27,8,133806.54,2,1,0,6251.3,0,2,PLATINUM,533,0
1354,738,Spain,Male,44,2,0,2,1,0,43018.82,1,5,PLATINUM,546,1
1355,637,Spain,Female,44,0,157622.58,1,1,1,120454.2,0,1,PLATINUM,879,0
1356,733,Spain,Male,35,8,102918.38,1,1,1,45959.86,0,5,PLATINUM,899,0
1357,590,Spain,Male,22,7,125265.61,1,1,1,161253.08,0,5,PLATINUM,851,0
1358,682,Spain,Female,54,0,83102.72,2,1,1,54132.93,0,2,DIAMOND,478,0
1359,575,Spain,Male,28,7,0,1,1,1,10666.05,0,1,PLATINUM,750,0
1360,740,Spain,Female,56,4,99097.33,1,1,1,85016.64,1,4,PLATINUM,823,1
1361,636,Spain,Female,36,1,0,1,1,0,43134.58,0,3,DIAMOND,783,0
1362,599,Spain,Male,51,0,0,1,1,1,175235.99,0,3,SILVER,220,0
1363,733,Spain,Female,32,5,0,2,1,0,131625.14,0,1,GOLD,522,0
1364,701,Spain,Male,28,1,103421.32,1,0,1,76304.73,0,5,PLATINUM,499,0
1365,635,Spain,Male,35,2,113635.16,1,1,0,90883.12,0,1,SILVER,613,0
1366,530,Spain,Female,36,7,0,2,1,0,80619.09,0,5,SILVER,761,0
1367,531,Spain,Male,31,2,118899.45,2,0,0,41409.36,0,2,DIAMOND,349,0
1368,573,Spain,Male,33,1,160777.9,1,1,1,149536.15,0,5,PLATINUM,409,0
1369,828,Spain,Male,47,1,109876.82,2,1,0,83611.45,1,3,SILVER,829,1
1370,569,Spain,Male,35,3,116969.35,1,0,0,94488.82,0,1,GOLD,413,0
1371,603,Spain,Male,46,2,0,2,1,0,174478.54,0,1,DIAMOND,393,0
1372,568,Spain,Male,28,1,127289.28,1,0,0,45611.51,0,4,GOLD,235,0
1373,573,Spain,Male,38,4,0,2,1,1,196517.43,0,5,PLATINUM,533,0
1374,771,Spain,Female,41,5,0,2,0,1,92914.67,0,2,DIAMOND,958,0
1375,655,Spain,Female,78,2,0,2,0,1,188435.38,0,5,SILVER,975,0
1376,383,Spain,Female,48,8,95808.19,1,0,0,137702.01,1,1,SILVER,609,1
1377,774,Spain,Female,36,8,117152.3,1,0,0,101828.39,0,4,GOLD,707,0
1378,614,Spain,Female,40,3,113348.5,1,1,1,77789.01,0,5,PLATINUM,407,0
1379,704,Spain,Male,24,10,122109.78,1,1,1,127654.37,0,3,PLATINUM,306,0
1380,590,Spain,Male,34,0,65812.35,2,0,1,160346.3,0,3,PLATINUM,967,0
1381,583,Spain,Female,40,3,54428.37,1,1,0,109638.78,1,4,PLATINUM,646,1
1382,553,Spain,Male,44,4,0,1,1,0,10789.3,0,1,GOLD,780,0
1383,636,Spain,Male,45,3,0,2,1,1,159463.8,0,3,GOLD,306,0
1384,614,Spain,Male,39,3,151914.93,1,0,0,56459.45,0,4,PLATINUM,293,0
1385,587,Spain,Male,51,3,83739.32,1,0,1,148798.45,0,3,GOLD,882,0
1386,779,Spain,Male,33,3,0,2,1,0,30804.68,0,4,DIAMOND,408,0
1387,620,Spain,Male,38,0,0,2,1,1,38015.34,0,4,PLATINUM,630,0
1388,614,Spain,Female,39,6,0,2,1,1,164018.98,0,2,SILVER,253,0
1389,771,Spain,Female,56,2,0,1,1,1,25222.6,1,4,GOLD,503,1
1390,620,Spain,Male,42,9,121490.05,1,1,1,29296.74,0,4,PLATINUM,828,0
1391,610,Spain,Male,46,5,91897.8,1,1,0,54394.28,0,1,SILVER,914,0
1392,609,Spain,Male,39,2,139443.75,2,1,0,9234.06,0,5,SILVER,423,0
1393,684,Spain,Female,38,3,134168.5,3,1,0,3966.5,1,5,DIAMOND,888,1
1394,503,Spain,Female,36,9,0,2,1,1,16274.67,0,5,SILVER,916,0
1395,687,Spain,Female,50,5,0,2,1,0,110230.4,0,1,PLATINUM,878,0
1396,686,Spain,Male,22,8,0,2,0,0,142331.85,0,2,GOLD,467,0
1397,616,Spain,Male,30,2,0,2,1,0,199099.51,0,2,GOLD,788,0
1398,494,Spain,Male,67,5,0,2,1,1,85890.16,0,2,GOLD,408,0
1399,695,Spain,Female,31,8,0,2,0,1,131644.41,0,5,DIAMOND,941,0
1400,579,Spain,Female,31,9,0,2,1,0,112395.98,0,3,GOLD,297,0
1401,576,Spain,Male,19,6,0,2,0,0,72306.07,0,2,GOLD,600,0
1402,617,Spain,Male,50,7,0,1,1,0,184839.7,1,3,PLATINUM,488,1
1403,597,Spain,Male,35,9,0,3,0,1,73181.39,1,3,DIAMOND,601,1
1404,704,Spain,Female,44,9,153656.85,1,1,0,158742.81,0,5,PLATINUM,890,0
1405,598,Spain,Male,39,1,0,2,1,0,159130.32,0,4,GOLD,493,0
1406,623,Spain,Female,40,4,0,3,1,0,31669.18,0,2,PLATINUM,998,0
1407,512,Spain,Female,46,3,0,2,1,1,56408.14,0,4,PLATINUM,669,0
1408,805,Spain,Male,26,2,0,2,1,1,25042.1,0,1,SILVER,387,0
1409,785,Spain,Male,41,7,0,2,1,1,199108.88,0,5,SILVER,681,0
1410,586,Spain,Male,42,6,0,2,1,1,123410.23,0,4,DIAMOND,378,0
1411,617,Spain,Female,45,1,0,1,1,0,143298.06,0,4,DIAMOND,323,0
1412,624,Spain,Female,35,7,119656.45,2,1,1,4595.05,0,1,DIAMOND,839,0
1413,578,Spain,Male,28,4,0,2,0,0,6947.09,0,3,GOLD,849,0
1414,621,Spain,Female,37,9,83061.26,2,1,0,9170.54,0,5,DIAMOND,748,0
1415,568,Spain,Female,27,1,116320.68,1,0,1,45563.94,0,4,DIAMOND,376,0
1416,782,Spain,Female,41,4,0,1,1,0,132943.88,0,5,PLATINUM,480,0
1417,616,Spain,Female,36,6,0,1,1,1,12916.32,1,1,DIAMOND,906,1
1418,738,Spain,Female,37,8,100565.94,1,1,1,128799.86,0,3,DIAMOND,503,0
1419,717,Spain,Female,42,5,190305.78,1,1,0,99347.8,1,1,SILVER,758,1
1420,629,Spain,Male,29,6,0,2,1,1,88842.8,0,4,PLATINUM,274,0
1421,677,Spain,Female,43,3,133214.88,2,1,1,95936.84,0,5,DIAMOND,865,0
1422,695,Spain,Male,63,1,146202.93,1,1,1,126688.83,1,3,DIAMOND,703,1
1423,747,Spain,Male,41,9,0,1,1,0,32430.94,1,1,PLATINUM,717,1
1424,706,Spain,Male,68,4,114386.85,1,1,1,28601.68,0,5,DIAMOND,269,0
1425,667,Spain,Male,71,4,137260.78,1,0,1,94433.08,1,2,DIAMOND,915,1
1426,636,Spain,Male,60,7,124447.73,1,1,1,141364.62,1,2,DIAMOND,359,1
1427,639,Spain,Male,34,5,139393.19,2,0,0,33950.08,0,2,DIAMOND,883,0
1428,540,Spain,Male,28,8,0,2,0,0,197588.32,0,3,SILVER,463,0
1429,529,Spain,Female,39,2,82766.43,1,1,1,122925.44,0,3,GOLD,574,0
1430,620,Spain,Male,29,9,0,2,1,0,13133.88,0,4,PLATINUM,367,0
1431,705,Spain,Female,47,3,63488.7,1,0,1,28640.92,1,4,DIAMOND,555,1
1432,644,Spain,Female,46,6,12459.19,1,0,0,156787.34,1,1,PLATINUM,896,1
1433,722,Spain,Female,50,4,132088.59,1,1,1,128262.14,0,5,DIAMOND,761,0
1434,577,Spain,Female,39,4,0,2,1,0,91366.42,0,5,GOLD,456,0
1435,744,Spain,Male,44,5,120654.68,1,1,0,82290.81,0,4,DIAMOND,790,0
1436,682,Spain,Female,64,9,0,2,1,1,103318.44,0,2,SILVER,614,0
1437,682,Spain,Female,48,9,101198.01,1,1,1,49732.9,0,4,GOLD,672,0
1438,507,Spain,Male,46,6,92783.68,1,1,1,51424.29,0,2,DIAMOND,322,0
1439,641,Spain,Male,40,5,102145.13,1,1,1,100637.07,0,1,DIAMOND,310,0
1440,688,Spain,Female,46,8,155681.72,1,1,0,26287.21,0,3,SILVER,984,0
1441,538,Spain,Male,40,8,0,2,1,1,25554.4,0,1,DIAMOND,879,0
1442,585,Spain,Female,44,4,0,2,0,1,101728.46,0,4,DIAMOND,762,0
1443,635,Spain,Male,38,0,103257.14,1,0,0,158344.63,0,2,PLATINUM,537,0
1444,749,Spain,Female,43,1,124209.02,1,1,1,167179.48,0,4,PLATINUM,608,0
1445,629,Spain,Male,32,3,0,2,1,1,15404.64,0,1,SILVER,601,0
1446,836,Spain,Female,41,7,150302.84,1,1,1,156036.19,0,2,DIAMOND,648,0
1447,542,Spain,Male,34,8,108653.93,1,0,1,144725.14,0,1,SILVER,522,0
1448,752,Spain,Female,36,3,0,2,1,1,48505.1,0,5,GOLD,784,0
1449,760,Spain,Female,41,6,0,2,0,0,101491.23,0,4,SILVER,873,0
1450,528,Spain,Male,23,7,104744.89,1,1,0,170262.97,0,5,GOLD,517,0
1451,623,Spain,Male,44,1,83325.77,1,0,1,80828.78,0,1,DIAMOND,525,0
1452,523,Spain,Female,36,8,113680.54,1,0,0,13197.44,0,5,PLATINUM,961,0
1453,608,Spain,Male,66,8,123935.35,1,1,1,65758.19,0,5,PLATINUM,923,0
1454,684,Spain,Male,40,2,70291.02,1,1,1,115468.84,1,5,DIAMOND,455,1
1455,669,Spain,Female,33,8,0,2,0,1,128538.05,0,1,PLATINUM,565,0
1456,486,Spain,Male,27,7,0,2,1,0,28823.04,0,4,SILVER,766,0
1457,763,Spain,Female,32,8,0,2,1,0,16725.53,0,4,GOLD,490,0
1458,554,Spain,Female,45,4,0,2,1,1,193412.05,0,2,PLATINUM,957,0
1459,732,Spain,Male,54,0,134249.7,1,0,1,13404.4,0,4,PLATINUM,304,0
1460,584,Spain,Female,50,1,0,1,0,1,152567.75,1,2,SILVER,290,1
1461,526,Spain,Male,38,2,0,2,0,0,58010.98,0,5,SILVER,708,0
1462,537,Spain,Female,38,1,96939.06,1,1,1,102606.92,0,3,PLATINUM,942,0
1463,696,Spain,Male,47,1,106758.6,1,1,1,80591.18,0,1,SILVER,962,0
1464,495,Spain,Female,42,7,0,2,0,0,130404.53,0,3,GOLD,621,0
1465,537,Spain,Female,38,6,141786.78,1,0,1,147797.54,0,2,GOLD,524,0
1466,624,Spain,Male,35,2,0,2,1,0,87310.59,0,2,PLATINUM,565,0
1467,636,Spain,Male,36,1,0,3,1,1,74048.1,1,5,DIAMOND,244,1
1468,607,Spain,Female,62,8,108004.64,1,1,1,23386.77,1,5,GOLD,271,1
1469,653,Spain,Male,35,9,0,2,1,1,45956.05,0,4,GOLD,441,0
1470,709,Spain,Female,37,8,0,3,1,0,71738.56,0,5,PLATINUM,277,0
1471,609,Spain,Male,37,5,129312.79,1,1,1,26793.82,0,3,PLATINUM,922,0
1472,669,Spain,Male,51,3,88827.53,1,0,0,85250.77,1,3,DIAMOND,612,1
1473,616,Spain,Male,71,4,0,2,1,1,173599.38,0,5,GOLD,954,0
1474,608,Spain,Female,38,9,102406.76,1,0,1,57600.66,0,3,SILVER,516,0
1475,509,Spain,Male,29,1,0,2,1,0,69113.14,0,2,DIAMOND,321,0
1476,576,Spain,Male,33,3,0,2,0,1,190112.05,0,5,PLATINUM,334,0
1477,544,Spain,Male,22,3,66483.32,1,0,1,110317.39,0,2,SILVER,370,0
1478,512,Spain,Male,31,6,0,2,1,0,168462.26,0,1,SILVER,264,0
1479,721,Spain,Male,38,7,0,1,0,1,53534.8,0,3,GOLD,932,0
1480,658,Spain,Male,21,7,0,2,0,1,154279.87,0,4,SILVER,653,0
1481,794,Spain,Male,31,0,144880.34,2,0,1,175643.44,0,3,PLATINUM,542,0
1482,605,Spain,Female,48,10,150315.92,1,0,1,133486.36,0,4,GOLD,653,0
1483,744,Spain,Male,30,1,128065.12,1,1,0,121525.48,0,2,PLATINUM,607,0
1484,526,Spain,Male,66,7,132044.6,2,1,1,158365.89,0,4,PLATINUM,789,0
1485,749,Spain,Female,46,9,66582.81,1,1,0,78753.12,1,1,PLATINUM,968,1
1486,679,Spain,Male,42,2,0,1,1,1,168294.27,0,2,GOLD,501,0
1487,633,Spain,Female,39,2,0,2,0,0,191207.03,0,1,PLATINUM,846,0
1488,645,Spain,Male,49,8,0,2,1,0,162012.6,0,4,DIAMOND,503,0
1489,508,Spain,Male,54,10,0,1,1,1,175749.36,0,3,GOLD,661,0
1490,544,Spain,Male,37,2,0,2,0,0,135067.02,0,5,DIAMOND,322,0
1491,588,Spain,Female,22,9,67178.19,1,1,1,163534.75,1,2,SILVER,728,1
1492,740,Spain,Female,31,8,0,2,0,0,86657.48,0,1,GOLD,814,0
1493,850,Spain,Male,38,7,115378.94,1,0,1,162087.82,0,3,DIAMOND,348,0
1494,590,Spain,Male,29,10,0,1,1,1,51907.72,1,1,GOLD,523,1
1495,516,Spain,Female,31,7,0,1,1,0,47018.75,0,2,GOLD,326,0
1496,719,Spain,Female,33,7,0,2,1,0,20016.59,0,5,GOLD,282,0
1497,796,Spain,Male,32,5,102773.15,2,0,1,117832.88,0,2,GOLD,630,0
1498,599,Spain,Male,35,6,137102.65,1,0,0,76870.81,0,1,SILVER,620,0
1499,773,Spain,Male,37,2,103195.2,2,1,0,178268.36,0,4,SILVER,890,0
1500,805,Spain,Male,37,5,0,2,1,0,21928.81,0,5,PLATINUM,311,0
1501,586,Spain,Male,41,3,63873.56,1,1,0,83753.64,0,2,DIAMOND,972,0
1502,558,Spain,Female,31,7,0,2,1,0,166720.28,0,1,SILVER,689,0
1503,705,Spain,Male,33,7,68423.89,1,1,1,64872.55,0,1,DIAMOND,660,0
1504,527,Spain,Female,35,8,0,1,1,0,98031.53,1,4,GOLD,277,1
1505,644,Spain,Male,28,0,0,2,1,0,119419.37,0,5,GOLD,266,0
1506,708,Spain,Male,19,7,112615.86,1,1,1,4491.77,0,5,PLATINUM,881,0
1507,521,Spain,Female,22,10,0,1,1,1,101311.95,0,3,SILVER,882,0
1508,767,Spain,Female,24,5,0,2,1,1,67445.85,0,4,GOLD,900,0
1509,525,Spain,Male,33,5,0,2,1,0,161002.29,0,1,GOLD,780,0
1510,759,Spain,Male,38,1,0,2,1,0,20778.39,0,5,DIAMOND,795,0
1511,548,Spain,Male,37,4,0,1,1,0,121763.68,0,5,GOLD,926,0
1512,535,Spain,Male,48,9,109472.47,1,1,0,157358.43,1,2,GOLD,415,1
1513,615,Spain,Male,59,4,155766.05,1,1,1,110275.17,0,1,DIAMOND,306,0
1514,726,Spain,Female,35,9,0,2,0,1,100556.98,0,3,PLATINUM,761,0
1515,694,Spain,Female,35,7,0,1,1,0,133570.43,1,4,SILVER,296,1
1516,698,Spain,Male,27,6,125427.37,2,0,0,27654.44,0,5,GOLD,717,0
1517,769,Spain,Male,41,1,72509.91,1,1,0,25723.73,0,4,GOLD,747,0
1518,646,Spain,Female,50,5,142644.64,2,1,1,142208.5,1,4,GOLD,951,1
1519,487,Spain,Male,33,8,145729.71,1,1,0,41365.85,0,2,DIAMOND,675,0
1520,612,Spain,Female,36,5,119799.27,2,1,0,159416.58,0,5,PLATINUM,288,0
1521,655,Spain,Male,37,8,163708.58,2,0,0,76259.23,0,2,SILVER,959,0
1522,711,Spain,Male,32,5,0,2,1,1,147720.27,0,2,DIAMOND,521,0
1523,597,Spain,Male,26,5,0,2,0,1,95159.13,0,3,GOLD,545,0
1524,682,Spain,Male,46,4,0,1,1,1,4654.28,0,5,SILVER,221,0
1525,536,Spain,Male,40,9,0,2,1,1,11959.03,0,2,SILVER,238,0
1526,592,Spain,Male,41,0,0,2,1,0,65906.07,0,4,GOLD,576,0
1527,723,Spain,Female,45,4,0,2,1,0,37214.39,0,5,PLATINUM,799,0
1528,552,Spain,Male,42,4,0,2,0,0,195692.3,0,3,SILVER,785,0
1529,707,Spain,Male,44,3,0,2,1,1,135077.01,0,2,DIAMOND,682,0
1530,754,Spain,Male,39,7,157691.98,2,1,0,133600.89,1,1,SILVER,902,1
1531,718,Spain,Male,32,8,0,2,1,1,41399.33,0,5,GOLD,685,0
1532,576,Spain,Male,52,2,100549.43,2,1,1,16644.16,0,4,DIAMOND,221,0
1533,629,Spain,Male,35,4,174588.8,2,0,1,158420.14,0,1,DIAMOND,391,0
1534,625,Spain,Male,52,8,121161.57,1,1,0,48988.28,0,3,DIAMOND,275,0
1535,659,Spain,Female,42,2,0,1,0,0,162734.31,1,1,SILVER,674,1
1536,535,Spain,Male,37,3,175534.78,2,1,1,9241.52,0,5,DIAMOND,316,0
1537,600,Spain,Male,37,8,177657.35,1,1,1,77142.32,0,2,GOLD,224,0
1538,833,Spain,Male,32,6,0,1,1,1,44323.22,1,4,GOLD,775,1
1539,642,Spain,Female,36,6,0,2,1,1,97938.59,0,4,PLATINUM,285,0
1540,596,Spain,Male,36,2,0,2,0,1,125557.95,0,4,SILVER,867,0
1541,850,Spain,Male,37,2,0,2,1,0,119969.99,0,2,DIAMOND,272,0
1542,465,Spain,Female,33,6,0,2,1,1,95500.98,0,4,PLATINUM,927,0
1543,736,Spain,Male,32,7,0,1,0,1,79082.62,0,2,DIAMOND,925,0
1544,699,Spain,Female,25,8,0,2,1,1,52404.47,0,5,SILVER,248,0
1545,497,Spain,Male,37,8,128650.11,2,1,1,163641.53,0,1,SILVER,525,0
1546,780,Spain,Female,33,6,145580.61,1,1,1,154598.56,0,4,GOLD,610,0
1547,693,Spain,Female,46,3,151709.33,1,1,0,180736.24,0,1,SILVER,695,0
1548,530,Spain,Female,22,7,0,2,1,0,104170.48,0,5,PLATINUM,516,0
1549,738,Spain,Female,33,3,122134.4,2,0,1,27867.59,0,4,SILVER,298,0
1550,643,Spain,Male,34,6,0,2,1,1,116046.22,0,3,DIAMOND,596,0
1551,727,Spain,Female,31,10,96997.09,2,0,0,76614.04,0,2,DIAMOND,550,0
1552,794,Spain,Male,33,8,0,2,0,0,91340.02,0,2,PLATINUM,536,0
1553,619,Spain,Female,41,8,0,3,1,1,79866.73,1,2,GOLD,998,1
1554,657,Spain,Male,75,7,126273.95,1,0,1,91673.6,0,1,GOLD,554,0
1555,617,Spain,Male,61,3,113858.95,1,1,1,38129.22,0,1,GOLD,422,0
1556,503,Spain,Male,31,4,0,2,1,1,21645.06,0,1,DIAMOND,843,0
1557,579,Spain,Male,37,4,0,2,1,1,32246.63,0,3,SILVER,464,0
1558,775,Spain,Male,48,4,178144.91,2,0,0,50168.41,1,5,DIAMOND,795,1
1559,581,Spain,Female,43,4,170172.9,1,0,1,100236.02,0,4,GOLD,968,0
1560,449,Spain,Female,33,8,0,2,0,0,156792.89,0,1,GOLD,651,0
1561,690,Spain,Male,49,8,116622.73,1,0,1,51011.29,0,3,DIAMOND,789,0
1562,599,Spain,Female,49,2,0,2,1,0,111190.53,0,5,SILVER,427,0
1563,802,Spain,Male,51,7,0,1,0,1,40855.79,0,3,SILVER,590,0
1564,522,Spain,Male,30,3,0,2,1,0,145490.85,0,4,SILVER,654,0
1565,730,Spain,Female,62,2,0,2,1,1,162889.1,0,3,GOLD,540,0
1566,553,Spain,Male,41,6,144974.55,1,1,1,19344.92,0,1,PLATINUM,699,0
1567,707,Spain,Male,43,10,0,2,1,0,118368.2,0,1,GOLD,479,0
1568,636,Spain,Male,37,1,115137.26,1,1,0,52484.01,0,4,SILVER,564,0
1569,674,Spain,Male,36,2,0,2,1,1,182787.17,0,1,GOLD,353,0
1570,670,Spain,Female,20,4,0,2,1,0,119759.24,0,2,PLATINUM,920,0
1571,591,Spain,Male,39,8,0,2,0,0,42392.24,0,1,GOLD,302,0
1572,708,Spain,Female,35,8,122570.69,1,0,0,199005.88,0,2,SILVER,406,0
1573,537,Spain,Female,33,7,136082,1,1,0,62746.54,0,3,SILVER,808,0
1574,652,Spain,Female,36,1,0,2,1,1,19302.78,0,3,GOLD,219,0
1575,696,Spain,Male,24,9,0,1,0,0,10883.52,0,3,SILVER,916,0
1576,743,Spain,Male,43,2,161807.18,2,0,1,93228.86,1,5,GOLD,973,1
1577,642,Spain,Female,33,9,0,2,1,1,150475.14,0,4,GOLD,341,0
1578,604,Spain,Female,34,3,0,2,1,0,38587.7,0,1,DIAMOND,407,0
1579,757,Spain,Female,55,9,117294.12,4,1,0,94187.47,1,2,DIAMOND,918,1
1580,690,Spain,Male,32,2,76087.98,1,0,1,151822.66,0,1,PLATINUM,308,0
1581,633,Spain,Male,63,4,114552.6,1,1,0,73856.28,1,5,SILVER,944,1
1582,563,Spain,Male,24,7,0,2,0,0,16319.56,0,5,SILVER,769,0
1583,535,Spain,Female,50,1,140292.58,3,0,0,69531.22,1,2,GOLD,315,1
1584,557,Spain,Male,42,4,0,2,0,1,86642.38,0,2,GOLD,569,0
1585,685,Spain,Male,43,4,97392.18,2,1,0,43956.83,0,1,PLATINUM,689,0
1586,559,Spain,Male,67,9,125919.35,1,1,0,175910.95,1,1,SILVER,770,1
1587,618,Spain,Male,32,5,133476.09,1,0,1,154843.4,0,2,SILVER,734,0
1588,729,Spain,Female,28,0,0,2,1,1,31165.06,1,3,PLATINUM,433,1
1589,667,Spain,Female,36,3,121542.57,2,1,1,186841.71,0,5,PLATINUM,252,0
1590,790,Spain,Female,41,7,109508.68,1,0,0,86776.38,0,3,SILVER,233,0
1591,608,Spain,Female,35,6,0,2,1,1,143463.28,0,4,DIAMOND,253,0
1592,730,Spain,Female,43,1,103960.38,1,1,1,193650.16,0,2,DIAMOND,348,0
1593,790,Spain,Male,37,8,0,2,1,1,149418.41,0,4,GOLD,348,0
1594,627,Spain,Female,55,6,0,1,0,0,91943.94,1,3,SILVER,396,1
1595,699,Spain,Male,31,8,125927.51,2,1,0,147661.47,0,2,PLATINUM,240,0
1596,660,Spain,Female,42,5,0,3,1,1,189016.24,1,5,GOLD,351,1
1597,618,Spain,Male,41,4,115251.64,1,0,0,136435.75,0,5,PLATINUM,644,0
1598,629,Spain,Male,34,8,0,2,1,1,180595.02,0,3,SILVER,835,0
1599,678,Spain,Female,40,4,113794.22,1,1,0,16618.76,0,4,PLATINUM,831,0
1600,527,Spain,Male,28,6,128396.33,2,1,0,79919.97,0,5,SILVER,882,0
1601,743,Spain,Female,48,5,118207.69,2,0,0,186489.14,1,2,SILVER,947,1
1602,663,Spain,Male,52,0,136298.65,1,1,0,144593.3,1,2,SILVER,548,1
1603,524,Spain,Female,64,5,0,1,1,0,136079.64,1,2,GOLD,364,1
1604,720,Spain,Male,33,3,123783.91,2,1,1,142903.44,0,2,SILVER,649,0
1605,621,Spain,Female,40,7,0,2,0,1,131283.6,1,4,PLATINUM,499,1
1606,574,Spain,Female,37,7,0,2,1,0,32262.28,0,2,DIAMOND,737,0
1607,611,Spain,Female,28,3,96381.68,2,1,0,181419.29,0,3,GOLD,855,0
1608,550,Spain,Female,33,9,72788.03,1,1,1,103608.06,0,2,PLATINUM,487,0
1609,593,Spain,Male,26,9,76226.9,1,1,0,167564.82,0,5,GOLD,608,0
1610,676,Spain,Female,30,5,0,2,0,0,179066.58,0,3,DIAMOND,705,0
1611,649,Spain,Female,49,2,0,1,1,0,84863.85,1,3,DIAMOND,226,1
1612,509,Spain,Male,41,7,126683.8,1,0,1,114775.53,0,3,PLATINUM,824,0
1613,729,Spain,Male,44,4,107726.93,2,1,0,153064.87,0,5,SILVER,456,0
1614,689,Spain,Female,63,1,0,2,1,1,186526.12,0,1,GOLD,371,0
1615,790,Spain,Male,37,6,0,2,1,1,119484.01,0,4,GOLD,413,0
1616,754,Spain,Female,27,8,0,2,0,0,121821.16,0,3,DIAMOND,307,0
1617,652,Spain,Male,41,8,115144.68,1,1,0,188905.43,0,4,SILVER,900,0
1618,743,Spain,Male,45,7,157332.26,1,1,0,125424.42,0,2,SILVER,775,0
1619,713,Spain,Male,38,6,116980.78,2,0,1,76038.38,0,3,GOLD,503,0
1620,678,Spain,Female,40,3,128398.38,1,1,0,168658.3,0,3,DIAMOND,893,0
1621,540,Spain,Male,39,1,0,1,0,1,108419.41,0,2,DIAMOND,727,0
1622,415,Spain,Male,53,5,167259.44,1,1,1,22357.25,0,2,DIAMOND,929,0
1623,632,Spain,Male,37,1,138207.08,1,1,0,60778.11,1,3,DIAMOND,302,1
1624,529,Spain,Male,34,9,0,1,1,1,93208.22,0,3,DIAMOND,562,0
1625,619,Spain,Female,31,3,141751.82,1,0,1,61531.86,0,4,DIAMOND,241,0
1626,680,Spain,Female,37,6,124140.57,2,1,0,92826.35,0,1,GOLD,460,0
1627,636,Spain,Female,29,6,157576.47,2,1,1,101102.39,0,1,PLATINUM,332,0
1628,538,Spain,Male,43,5,0,2,1,0,126933.73,0,4,DIAMOND,587,0
1629,597,Spain,Male,35,0,127510.99,1,1,1,155356.34,0,4,SILVER,868,0
1630,615,Spain,Male,51,6,81818.49,1,1,1,169149.38,0,3,SILVER,454,0
1631,730,Spain,Male,26,6,0,2,1,1,185808.7,0,4,GOLD,325,0
1632,648,Spain,Male,49,5,0,1,1,0,149946.43,1,4,GOLD,549,1
1633,719,Spain,Male,44,2,0,2,1,0,196582.19,0,5,GOLD,660,0
1634,585,Spain,Female,56,1,128472.8,1,1,0,186476.91,1,2,GOLD,815,1
1635,619,Spain,Male,46,8,62400.48,1,1,1,132498.39,1,5,GOLD,862,1
1636,513,Spain,Female,41,9,107135.04,2,1,1,160546.58,0,1,DIAMOND,576,0
1637,563,Spain,Male,26,7,0,2,0,0,6139.74,0,4,DIAMOND,743,0
1638,607,Spain,Female,32,7,0,3,0,1,10674.62,0,4,DIAMOND,701,0
1639,521,Spain,Female,49,4,82940.25,2,0,0,62413.01,1,3,GOLD,772,1
1640,671,Spain,Female,31,4,0,2,0,1,79270.02,0,2,GOLD,598,0
1641,604,Spain,Male,27,9,101352.78,1,0,0,30252.3,0,2,DIAMOND,799,0
1642,836,Spain,Female,37,10,0,2,1,0,111324.41,0,1,GOLD,645,0
1643,622,Spain,Male,27,9,139834.93,1,1,1,152733.89,0,2,DIAMOND,972,0
1644,521,Spain,Female,39,3,146408.68,1,0,0,72993.67,0,3,DIAMOND,818,0
1645,748,Spain,Male,35,5,105492.53,1,1,1,150057.2,0,4,GOLD,811,0
1646,433,Spain,Male,27,2,0,2,1,1,153698.65,0,2,DIAMOND,415,0
1647,525,Spain,Female,30,5,0,2,0,1,149195.44,0,4,SILVER,802,0
1648,504,Spain,Male,40,5,0,2,0,0,146703.36,0,2,SILVER,538,0
1649,662,Spain,Female,54,1,187997.15,1,0,0,111442.71,1,4,SILVER,857,1
1650,685,Spain,Male,38,4,0,2,1,1,35884.91,0,4,DIAMOND,966,0
1651,525,Spain,Female,60,7,0,2,0,1,168034.9,0,1,GOLD,895,0
1652,539,Spain,Male,28,5,0,2,1,0,48382.4,0,1,DIAMOND,830,0
1653,696,Spain,Female,30,0,0,2,1,1,9002.8,0,5,SILVER,447,0
1654,601,Spain,Male,24,7,0,2,0,0,144660.42,0,4,SILVER,295,0
1655,586,Spain,Male,29,2,132450.24,1,1,1,36176.63,0,3,DIAMOND,423,0
1656,771,Spain,Female,33,5,0,2,1,0,8673.43,0,5,SILVER,288,0
1657,568,Spain,Male,27,5,126815.97,2,0,1,118648.12,0,1,DIAMOND,939,0
1658,606,Spain,Male,33,8,0,2,1,1,63176.77,0,2,DIAMOND,640,0
1659,657,Spain,Female,41,6,112119.48,1,1,0,17536.82,0,1,PLATINUM,476,0
1660,596,Spain,Male,57,6,0,2,1,1,72402,0,1,DIAMOND,627,0
1661,694,Spain,Male,31,5,0,1,1,0,35593.18,0,2,PLATINUM,636,0
1662,729,Spain,Female,42,7,0,2,1,0,58268.2,1,1,PLATINUM,226,1
1663,611,Spain,Female,33,7,0,2,1,1,3729.89,0,1,DIAMOND,976,0
1664,717,Spain,Female,34,1,0,2,1,0,119313.74,0,4,DIAMOND,533,0
1665,685,Spain,Female,42,2,0,2,0,0,199992.48,0,2,SILVER,810,0
1666,605,Spain,Male,47,7,142643.54,1,1,0,189310.27,0,3,PLATINUM,255,0
1667,660,Spain,Male,33,4,0,1,1,0,29664.45,0,4,DIAMOND,400,0
1668,506,Spain,Male,32,8,0,2,0,1,182692.8,0,4,DIAMOND,671,0
1669,588,Spain,Male,32,3,109109.33,1,0,1,4993.94,0,3,GOLD,447,0
1670,622,Spain,Female,26,8,0,2,1,1,124964.82,0,1,SILVER,471,0
1671,758,Spain,Female,43,10,0,2,1,1,55313.44,0,2,GOLD,995,0
1672,827,Spain,Female,35,0,0,2,0,1,184514.01,0,3,DIAMOND,520,0
1673,654,Spain,Female,36,5,0,2,0,0,157238.05,0,2,SILVER,596,0
1674,619,Spain,Male,52,8,0,2,1,1,123242.11,0,1,PLATINUM,239,0
1675,642,Spain,Male,26,8,144238.7,1,1,1,184399.76,0,3,PLATINUM,649,0
1676,472,Spain,Female,32,1,159397.75,1,0,1,57323.18,0,4,PLATINUM,829,0
1677,470,Spain,Male,30,4,125385.01,1,1,0,68293.93,0,1,GOLD,536,0
1678,640,Spain,Male,29,5,197200.04,2,1,0,141453.62,0,1,PLATINUM,540,0
1679,454,Spain,Female,48,5,144837.79,1,1,1,93151.77,0,2,DIAMOND,325,0
1680,621,Spain,Male,50,3,163085.79,1,0,1,131048.36,0,5,PLATINUM,710,0
1681,630,Spain,Male,41,7,107511.52,1,0,1,46156.87,0,5,SILVER,419,0
1682,561,Spain,Male,24,8,143656.55,1,0,1,180932.46,0,1,DIAMOND,689,0
1683,787,Spain,Male,39,10,108935.39,1,1,1,101168.3,0,5,DIAMOND,637,0
1684,808,Spain,Female,67,10,124577.15,1,0,1,169894.4,0,5,GOLD,259,0
1685,515,Spain,Male,29,4,151012.55,2,1,0,9770.97,0,1,PLATINUM,935,0
1686,663,Spain,Female,58,5,216109.88,1,0,1,74176.71,1,2,SILVER,251,1
1687,628,Spain,Male,50,8,0,1,0,0,144366.83,1,2,GOLD,407,1
1688,631,Spain,Male,46,9,160736.63,1,0,1,93503.02,0,3,SILVER,576,0
1689,715,Spain,Male,38,2,96798.79,2,1,1,4554.67,0,2,SILVER,294,0
1690,613,Spain,Male,44,9,100524.69,1,1,1,47298.95,0,4,DIAMOND,484,0
1691,552,Spain,Male,55,3,0,1,1,1,40333.94,0,4,SILVER,466,0
1692,640,Spain,Male,39,3,0,1,1,1,105997.25,0,1,SILVER,540,0
1693,684,Spain,Female,24,9,79263.9,1,0,1,196574.48,0,4,SILVER,484,0
1694,624,Spain,Male,38,7,123906.55,1,1,0,135096.78,0,4,GOLD,799,0
1695,661,Spain,Male,38,7,143006.7,1,1,1,15650.89,0,2,SILVER,689,0
1696,627,Spain,Female,28,3,157597.61,1,0,1,34097.22,0,3,PLATINUM,768,0
1697,812,Spain,Male,38,3,127117.8,2,1,1,174822.74,0,1,PLATINUM,730,0
1698,717,Spain,Male,36,2,102989.83,2,0,1,49185.57,0,5,SILVER,313,0
1699,693,Spain,Male,28,1,145118.83,1,0,1,77742.38,0,5,GOLD,944,0
1700,608,Spain,Male,48,7,75801.74,1,1,0,125762.95,0,4,PLATINUM,964,0
1701,599,Spain,Male,42,6,0,2,1,0,113868.4,0,4,SILVER,837,0
1702,621,Spain,Female,43,8,0,1,0,0,102806.6,0,1,DIAMOND,590,0
1703,621,Spain,Male,41,5,104631.67,1,1,1,95551.22,0,1,PLATINUM,680,0
1704,487,Spain,Female,40,6,136093.74,1,0,1,193408.43,0,2,SILVER,677,0
1705,606,Spain,Male,34,3,161572.24,1,0,1,191076.22,0,3,PLATINUM,893,0
1706,577,Spain,Male,48,6,179852.26,1,1,0,193580.32,0,2,GOLD,782,0
1707,637,Spain,Male,43,8,0,1,1,0,12156.93,1,5,DIAMOND,317,1
1708,606,Spain,Male,36,0,94153.56,1,0,1,120138.27,0,3,DIAMOND,937,0
1709,568,Spain,Male,39,5,0,2,1,1,129569.92,0,4,SILVER,594,0
1710,581,Spain,Female,24,10,159203.71,1,1,1,102517.83,1,4,DIAMOND,766,1
1711,529,Spain,Female,44,1,0,2,0,0,14161.3,0,4,DIAMOND,786,0
1712,715,Spain,Male,42,6,0,2,1,1,128745.69,0,4,SILVER,289,0
1713,689,Spain,Female,40,5,154251.67,1,0,1,118319.5,0,3,PLATINUM,561,0
1714,738,Spain,Male,36,5,0,2,1,1,96881.32,0,1,GOLD,856,0
1715,605,Spain,Male,41,5,103154.66,1,0,0,143203.78,0,1,GOLD,380,0
1716,564,Spain,Female,24,6,149592.14,1,1,1,153771.8,0,2,GOLD,301,0
1717,675,Spain,Male,32,8,197436.82,1,1,1,52710.7,0,3,DIAMOND,236,0
1718,656,Spain,Female,32,1,104254.27,1,1,1,17034.37,0,3,PLATINUM,715,0
1719,685,Spain,Female,30,2,0,3,1,1,172576.43,1,5,PLATINUM,894,1
1720,614,Spain,Female,37,9,0,2,1,1,62023.1,0,2,SILVER,639,0
1721,631,Spain,Male,29,3,0,2,1,1,197963.46,0,3,DIAMOND,463,0
1722,690,Spain,Male,26,8,116318.23,1,1,1,83253.05,0,2,PLATINUM,713,0
1723,575,Spain,Male,41,2,100062.39,1,0,0,126307.25,0,1,GOLD,599,0
1724,674,Spain,Female,41,4,126605.14,1,1,1,166694.93,0,2,GOLD,595,0
1725,457,Spain,Male,44,7,0,2,0,0,185992.36,0,4,PLATINUM,717,0
1726,688,Spain,Female,46,3,0,2,0,1,104902.68,0,2,PLATINUM,752,0
1727,733,Spain,Female,38,5,0,2,1,1,1271.51,0,2,PLATINUM,770,0
1728,666,Spain,Male,43,5,0,2,1,0,29346.1,0,2,SILVER,464,0
1729,511,Spain,Female,40,1,0,1,1,1,184118.73,0,3,PLATINUM,534,0
1730,597,Spain,Male,24,0,108058.07,2,1,1,187826.11,0,3,PLATINUM,676,0
1731,679,Spain,Female,39,7,91187.9,1,0,1,6075.36,0,4,PLATINUM,631,0
1732,668,Spain,Male,43,1,147167.25,1,0,0,141679.73,0,1,DIAMOND,431,0
1733,708,Spain,Male,46,7,68799.72,1,1,1,39704.14,0,5,PLATINUM,287,0
1734,550,Spain,Male,39,2,116120.19,2,1,1,195638.13,0,1,GOLD,805,0
1735,719,Spain,Male,40,4,128389.12,1,1,1,176091.31,0,1,DIAMOND,979,0
1736,715,Spain,Male,31,7,0,1,1,1,149970.59,0,1,PLATINUM,707,0
1737,750,Spain,Female,33,3,161801.47,1,0,1,153288.97,1,1,PLATINUM,263,1
1738,652,Spain,Female,38,6,123081.84,2,1,1,188657.97,0,5,PLATINUM,305,0
1739,738,Spain,Male,35,8,127290.61,1,1,0,16081.62,0,2,SILVER,620,0
1740,679,Spain,Male,33,4,96110.22,1,1,0,1173.23,0,2,SILVER,681,0
1741,617,Spain,Female,46,3,106521.49,1,0,1,86587.37,0,4,DIAMOND,693,0
1742,613,Spain,Male,39,8,118201.41,1,1,0,23315.59,0,1,DIAMOND,333,0
1743,584,Spain,Female,30,5,0,2,1,1,185201.58,0,2,SILVER,564,0
1744,619,Spain,Female,38,6,0,2,1,1,117616.29,0,5,GOLD,968,0
1745,556,Spain,Male,38,2,115463.16,1,1,0,150679.65,0,3,SILVER,350,0
1746,701,Spain,Female,39,9,0,2,1,1,110043.88,0,1,GOLD,693,0
1747,587,Spain,Male,42,5,120233.83,1,1,0,194890.33,0,4,PLATINUM,736,0
1748,627,Spain,Male,48,1,132759.8,1,1,0,78899.22,0,5,GOLD,419,0
1749,623,Spain,Female,50,2,87116.71,1,1,1,104382.11,0,5,SILVER,970,0
1750,666,Spain,Female,47,5,0,1,0,0,166650.9,1,3,SILVER,988,1
1751,850,Spain,Male,44,8,0,2,1,1,183617.32,0,1,GOLD,783,0
1752,463,Spain,Female,35,2,0,2,1,1,1950.93,0,2,DIAMOND,803,0
1753,741,Spain,Male,50,1,78737.61,1,1,1,13018.96,0,3,PLATINUM,261,0
1754,646,Spain,Male,25,5,182876.88,2,1,1,42537.59,1,1,GOLD,989,1
1755,569,Spain,Female,51,3,0,3,1,0,75084.96,1,2,SILVER,411,1
1756,478,Spain,Male,48,0,83287.05,2,0,1,44147.95,1,2,GOLD,706,1
1757,615,Spain,Male,41,4,0,1,0,1,149278.96,0,2,PLATINUM,404,0
1758,651,Spain,Male,45,4,0,2,0,0,193009.21,0,4,DIAMOND,344,0
1759,785,Spain,Female,31,2,121691.54,2,0,0,81778.72,0,4,PLATINUM,922,0
1760,563,Spain,Male,57,6,0,2,1,1,39297.48,0,2,DIAMOND,263,0
1761,643,Spain,Male,43,1,0,2,1,1,145764.4,0,5,GOLD,307,0
1762,769,Spain,Male,38,6,0,2,0,0,104393.78,0,5,PLATINUM,390,0
1763,527,Spain,Male,53,8,0,1,1,1,51711.57,0,1,SILVER,488,0
1764,729,Spain,Female,42,1,0,2,1,1,149535.97,0,5,SILVER,263,0
1765,698,Spain,Female,63,5,0,1,1,1,173576.71,0,5,SILVER,545,0
1766,665,Spain,Female,32,10,0,1,1,1,22487.45,0,4,PLATINUM,709,0
1767,675,Spain,Female,35,8,155621.08,1,0,1,35177.31,0,1,PLATINUM,977,0
1768,635,Spain,Female,48,2,0,2,1,1,136551.25,0,4,GOLD,514,0
1769,758,Spain,Male,40,3,0,2,0,0,96097.65,0,1,DIAMOND,864,0
1770,559,Spain,Male,38,3,145874.35,1,1,0,56311.39,1,2,SILVER,707,1
1771,754,Spain,Female,50,7,146777.44,2,0,1,150685.52,0,1,GOLD,517,0
1772,650,Spain,Male,24,8,108881.73,1,1,0,104492.83,0,3,SILVER,853,0
1773,831,Spain,Female,44,10,0,1,0,1,47729.33,0,2,GOLD,924,0
1774,577,Spain,Male,41,4,89015.61,1,0,1,135227.23,0,4,DIAMOND,719,0
1775,576,Spain,Male,45,5,133618.01,1,0,0,135244.87,0,3,SILVER,291,0
1776,806,Spain,Female,37,2,137794.18,2,0,1,75232.02,0,2,SILVER,691,0
1777,679,Spain,Female,28,9,0,2,0,1,61761.77,0,3,GOLD,293,0
1778,850,Spain,Female,39,6,0,2,1,0,103921.43,0,3,GOLD,491,0
1779,564,Spain,Male,31,5,121461.87,1,1,1,20432.09,1,1,PLATINUM,279,1
1780,796,Spain,Female,23,3,146584.19,2,0,0,125445.8,0,4,SILVER,802,0
1781,527,Spain,Female,46,10,131414.76,1,1,0,54947.51,0,4,DIAMOND,599,0
1782,553,Spain,Male,38,1,181110.13,2,1,0,184544.59,0,4,PLATINUM,300,0
1783,850,Spain,Male,33,3,100476.46,2,1,1,136539.13,0,1,GOLD,590,0
1784,707,Spain,Male,48,8,88441.64,1,1,1,119903.2,1,2,DIAMOND,244,1
1785,681,Spain,Female,57,2,173306.13,1,0,1,131964.66,0,3,DIAMOND,870,0
1786,703,Spain,Male,39,6,152685.4,1,0,0,183656.12,0,2,DIAMOND,994,0
1787,612,Spain,Female,63,2,131629.17,2,1,0,122109.58,1,4,SILVER,642,1
1788,724,Spain,Male,36,1,0,2,1,0,52462.25,0,3,GOLD,660,0
1789,770,Spain,Male,30,8,0,2,0,1,50839.85,0,3,GOLD,597,0
1790,574,Spain,Male,36,3,0,2,1,1,8559.66,0,5,DIAMOND,644,0
1791,607,Spain,Male,34,9,132439.99,1,1,0,177747.72,0,3,PLATINUM,768,0
1792,618,Spain,Female,40,8,0,2,1,0,80204.38,0,3,DIAMOND,897,0
1793,744,Spain,Female,30,1,124037.28,1,1,1,142210.94,0,5,DIAMOND,334,0
1794,703,Spain,Male,36,7,135095.47,1,1,0,143859.66,0,2,SILVER,764,0
1795,649,Spain,Female,32,7,0,1,1,0,28797.32,0,4,PLATINUM,537,0
1796,573,Spain,Female,72,8,98765.84,1,1,1,96015.53,0,1,PLATINUM,255,0
1797,686,Spain,Male,39,10,136258.06,1,0,0,89199.51,0,2,PLATINUM,232,0
1798,520,Spain,Female,30,4,145222.99,2,0,0,145160.96,0,3,GOLD,779,0
1799,648,Spain,Female,28,9,102282.61,1,1,1,157891.11,0,1,DIAMOND,472,0
1800,718,Spain,Male,40,9,0,2,0,0,121537.91,0,4,GOLD,299,0
1801,744,Spain,Male,39,4,95161.75,1,1,0,19409.77,0,3,GOLD,920,0
1802,751,Spain,Female,34,8,127095.14,2,0,0,479.54,0,2,DIAMOND,995,0
1803,704,Spain,Female,24,2,0,1,1,0,35600.25,1,3,PLATINUM,443,1
1804,512,Spain,Female,35,5,124580.69,1,1,1,18785.48,0,2,SILVER,428,0
1805,424,Spain,Male,34,7,0,1,1,1,16250.61,0,4,PLATINUM,640,0
1806,697,Spain,Male,62,7,0,1,1,0,129188.18,1,4,DIAMOND,547,1
1807,664,Spain,Male,44,7,77526.66,3,0,0,57338.56,1,5,DIAMOND,339,1
1808,605,Spain,Female,57,2,0,3,1,0,66652.75,1,3,PLATINUM,502,1
1809,604,Spain,Female,28,6,0,2,1,1,69056.26,0,4,SILVER,634,0
1810,779,Spain,Female,55,0,133295.98,1,1,0,22832.71,1,2,DIAMOND,384,1
1811,625,Spain,Male,32,7,106957.28,1,1,1,134794.02,0,2,SILVER,470,0
1812,641,Spain,Female,40,4,101090.27,1,1,1,51703.09,0,5,GOLD,447,0
1813,434,Spain,Male,33,3,0,1,1,1,2739.71,0,5,PLATINUM,556,0
1814,762,Spain,Female,60,10,168920.75,1,1,0,31445.03,1,4,SILVER,909,1
1815,660,Spain,Male,38,6,109869.32,1,1,1,154641.91,0,3,PLATINUM,688,0
1816,581,Spain,Female,44,7,189318.16,2,1,0,45026.23,1,5,SILVER,846,1
1817,667,Spain,Male,35,4,97585.32,2,0,0,57213.46,0,4,GOLD,369,0
1818,644,Spain,Male,32,3,136659.74,1,1,1,14187.78,0,3,SILVER,543,0
1819,627,Spain,Female,35,7,0,1,1,0,187718.26,0,4,GOLD,256,0
1820,599,Spain,Male,33,4,51690.89,1,1,0,111622.76,1,4,DIAMOND,811,1
1821,744,Spain,Male,34,3,0,2,1,0,27244.35,0,2,PLATINUM,764,0
1822,663,Spain,Female,53,6,150200.23,1,0,1,151317.27,1,3,GOLD,654,1
1823,547,Spain,Female,22,7,141287.15,1,1,0,118142.79,0,5,PLATINUM,282,0
1824,632,Spain,Female,32,1,0,2,1,0,19525.65,0,1,GOLD,523,0
1825,742,Spain,Male,24,8,0,2,1,0,4070.28,0,4,DIAMOND,255,0
1826,761,Spain,Female,34,2,0,2,1,0,61251.25,0,3,SILVER,741,0
1827,650,Spain,Male,42,4,194532.66,1,1,0,171045.31,1,3,PLATINUM,824,1
1828,797,Spain,Male,59,4,129321.44,1,1,1,93624.55,0,3,GOLD,245,0
1829,699,Spain,Male,43,2,136487.86,2,1,0,82815.93,0,4,PLATINUM,237,0
1830,499,Spain,Female,42,0,147187.84,1,1,1,14868.94,1,5,SILVER,662,1
1831,850,Spain,Male,54,7,108185.81,2,0,0,24093.4,1,3,PLATINUM,431,1
1832,553,Spain,Male,42,7,0,2,1,0,7680.23,0,3,SILVER,869,0
1833,448,Spain,Male,25,2,0,2,0,0,95215.73,0,2,PLATINUM,843,0
1834,669,Spain,Male,25,7,157228.61,2,1,0,124382.9,0,1,GOLD,632,0
1835,654,Spain,Male,34,5,0,2,1,0,159311.46,0,3,PLATINUM,527,0
1836,529,Spain,Female,35,5,0,2,1,0,56518,0,4,DIAMOND,284,0
1837,615,Spain,Female,29,7,143330.56,2,1,1,126396.01,0,1,DIAMOND,229,0
1838,644,Spain,Male,54,6,0,1,0,1,84622.37,0,5,GOLD,313,0
1839,568,Spain,Female,36,10,153610.61,1,1,1,54083.8,1,2,SILVER,244,1
1840,598,Spain,Female,35,8,0,3,0,1,88658.73,0,4,DIAMOND,235,0
1841,606,Spain,Male,42,10,0,2,1,0,177938.52,0,2,PLATINUM,230,0
1842,644,Spain,Female,26,4,153455.72,2,1,1,82696.84,0,5,PLATINUM,944,0
1843,683,Spain,Male,34,9,114609.55,2,0,1,25339.29,0,5,DIAMOND,739,0
1844,647,Spain,Male,28,6,149594.02,2,1,0,102325.19,0,5,SILVER,607,0
1845,737,Spain,Female,39,7,130051.66,2,0,0,55356.39,1,2,SILVER,722,1
1846,667,Spain,Female,34,5,0,2,1,0,163830.64,0,5,DIAMOND,627,0
1847,596,Spain,Male,20,3,187294.46,1,1,0,103456.47,0,4,DIAMOND,719,0
1848,596,Spain,Male,67,6,0,2,1,1,138350.74,0,3,PLATINUM,727,0
1849,603,Spain,Female,56,5,90778.76,2,1,0,162223.67,1,4,PLATINUM,975,1
1850,647,Spain,Male,33,7,121260.19,2,1,0,77216.48,0,1,PLATINUM,335,0
1851,796,Spain,Male,56,6,94231.13,1,0,0,121164.6,1,2,GOLD,667,1
1852,489,Spain,Male,58,4,0,2,1,1,191419.32,0,4,SILVER,486,0
1853,714,Spain,Male,34,5,0,2,1,0,193040.32,0,3,SILVER,446,0
1854,634,Spain,Female,36,1,0,1,1,1,143960.72,0,3,GOLD,972,0
1855,714,Spain,Male,33,8,122017.19,1,0,0,162515.17,0,5,DIAMOND,504,0
1856,503,Spain,Male,32,9,100262.88,2,1,1,157921.25,0,1,DIAMOND,685,0
1857,685,Spain,Female,43,6,117302.62,1,0,0,68701.73,0,4,DIAMOND,975,0
1858,638,Spain,Male,35,1,0,2,1,0,165370.66,0,2,SILVER,456,0
1859,610,Spain,Female,50,5,130554.51,3,1,0,184758.17,1,2,SILVER,821,1
1860,622,Spain,Female,47,6,142319.03,1,0,0,100183.05,0,4,DIAMOND,578,0
1861,614,Spain,Male,36,5,0,2,1,0,130610.78,0,1,GOLD,877,0
1862,691,Spain,Male,36,7,129934.64,1,0,0,75664.56,1,1,DIAMOND,728,1
1863,712,Spain,Female,39,5,163097.55,2,1,1,23702.42,0,2,GOLD,893,0
1864,573,Spain,Male,44,8,0,2,0,0,62424.46,0,1,DIAMOND,547,0
1865,790,Spain,Male,20,8,0,2,1,0,168152.76,0,5,GOLD,425,0
1866,728,Spain,Female,43,5,0,1,1,1,120088.17,0,5,GOLD,924,0
1867,645,Spain,Female,29,4,0,2,1,1,74346.11,0,4,GOLD,268,0
1868,596,Spain,Male,32,4,0,2,0,1,146504.35,0,3,PLATINUM,826,0
1869,542,Spain,Female,26,2,0,2,1,1,54869.54,0,2,PLATINUM,303,0
1870,609,Spain,Male,32,4,99883.16,1,1,1,120594.85,0,3,PLATINUM,887,0
1871,544,Spain,Male,22,4,0,2,1,0,70007.67,0,3,SILVER,597,0
1872,567,Spain,Male,35,8,153137.74,1,1,0,88659.07,0,2,PLATINUM,549,0
1873,490,Spain,Male,40,6,156111.08,1,0,0,190889.13,0,3,SILVER,759,0
1874,610,Spain,Female,37,10,140363.95,2,1,1,129563.86,0,3,GOLD,929,0
1875,721,Spain,Female,32,10,0,1,1,0,136119.96,1,5,SILVER,579,1
1876,654,Spain,Female,32,2,0,1,1,1,51972.92,1,5,DIAMOND,580,1
1877,659,Spain,Male,27,4,0,2,1,0,99341.87,0,4,PLATINUM,613,0
1878,670,Spain,Male,43,1,97792.21,1,0,0,120225.62,0,4,SILVER,701,0
1879,814,Spain,Female,72,2,0,2,0,1,130853.03,0,1,SILVER,836,0
1880,676,Spain,Male,35,0,0,2,0,0,139911.58,0,3,SILVER,543,0
1881,760,Spain,Female,33,1,118114.28,2,0,1,156660.21,0,2,SILVER,348,0
1882,601,Spain,Male,28,6,0,2,1,0,14665.28,0,4,PLATINUM,541,0
1883,507,Spain,Female,34,4,0,2,1,1,60688.38,0,3,DIAMOND,392,0
1884,636,Spain,Male,76,9,126534.6,1,1,1,39789.62,0,4,DIAMOND,847,0
1885,719,Spain,Female,35,8,0,1,1,1,165162.4,0,5,DIAMOND,569,0
1886,706,Spain,Male,30,6,87609.68,2,0,0,137674.55,1,4,SILVER,643,1
1887,731,Spain,Male,41,3,0,2,1,0,101371.72,0,4,PLATINUM,292,0
1888,738,Spain,Male,49,3,0,3,1,1,65066.48,1,2,PLATINUM,460,1
1889,622,Spain,Female,36,0,108960,2,1,0,111180.3,1,1,PLATINUM,532,1
1890,701,Spain,Female,30,2,0,2,1,0,115650.63,0,1,DIAMOND,528,0
1891,574,Spain,Male,36,4,77967.5,1,1,0,167066.95,1,1,DIAMOND,929,1
1892,422,Spain,Female,54,4,0,2,1,1,7166.71,0,5,PLATINUM,733,0
1893,656,Spain,Male,28,8,120047.77,1,1,1,137173.39,0,1,PLATINUM,590,0
1894,481,Spain,Female,37,8,0,2,1,0,44215.86,0,5,DIAMOND,266,0
1895,676,Spain,Male,27,4,0,1,0,1,107955.67,0,1,PLATINUM,490,0
1896,694,Spain,Female,39,9,0,2,0,0,99924.04,0,4,PLATINUM,483,0
1897,828,Spain,Male,42,10,0,1,1,1,186071.14,0,1,PLATINUM,526,0
1898,594,Spain,Female,38,7,96858.35,1,1,0,77511.45,0,1,DIAMOND,797,0
1899,579,Spain,Male,33,1,0,2,1,1,54816.57,0,3,SILVER,528,0
1900,794,Spain,Female,30,1,154970.54,1,0,1,156768.45,0,4,PLATINUM,441,0
1901,683,Spain,Male,30,1,113257.2,1,1,1,65035.02,0,2,GOLD,263,0
1902,608,Spain,Female,28,4,0,2,1,0,10899.63,1,5,PLATINUM,391,1
1903,718,Spain,Male,39,6,0,2,0,1,63889.1,0,1,SILVER,583,0
1904,838,Spain,Female,41,5,0,2,1,0,81313.51,0,1,SILVER,867,0
1905,695,Spain,Female,31,5,0,2,0,1,13998.88,0,3,GOLD,583,0
1906,751,Spain,Male,38,7,0,2,0,0,90839.61,0,3,PLATINUM,654,0
1907,678,Spain,Male,28,5,138668.18,1,1,1,54144.01,0,1,PLATINUM,408,0
1908,590,Spain,Male,37,6,169902.92,1,1,1,128256.18,0,3,GOLD,987,0
1909,670,Spain,Female,40,3,0,1,1,1,182650.15,0,5,GOLD,270,0
1910,677,Spain,Male,40,7,95312.8,1,1,1,62944.75,0,1,DIAMOND,978,0
1911,722,Spain,Female,32,4,0,2,1,1,113666.48,0,4,SILVER,630,0
1912,566,Spain,Male,32,10,147511.26,1,1,1,159891.03,0,2,GOLD,801,0
1913,610,Spain,Female,31,5,0,2,0,0,63736.36,0,2,PLATINUM,416,0
1914,535,Spain,Female,30,5,122924.75,1,0,0,62390.59,1,4,DIAMOND,244,1
1915,706,Spain,Female,53,3,0,3,0,0,88479.02,1,3,SILVER,390,1
1916,458,Spain,Male,36,5,0,2,1,0,79723.78,0,3,SILVER,428,0
1917,540,Spain,Male,37,0,120825.7,1,1,0,28257.89,0,2,GOLD,540,0
1918,631,Spain,Male,38,7,0,2,1,0,181605.85,0,3,DIAMOND,290,0
1919,750,Spain,Female,37,2,113817.06,1,0,0,88333.74,0,5,DIAMOND,998,0
1920,640,Spain,Male,37,5,158024.38,1,1,0,81298.09,0,1,GOLD,749,0
1921,647,Spain,Male,32,9,80958.36,1,1,1,128590.73,0,4,GOLD,540,0
1922,808,Spain,Male,25,7,0,2,0,1,23180.37,0,4,GOLD,387,0
1923,700,Spain,Male,29,8,0,2,0,1,152097.02,0,4,GOLD,255,0
1924,615,Spain,Male,41,1,126773.43,1,1,1,55551.26,0,2,SILVER,774,0
1925,569,Spain,Male,31,1,115406.97,1,0,0,145528.22,0,2,GOLD,992,0
1926,676,Spain,Female,64,4,116954.32,1,1,1,91149.48,0,2,GOLD,855,0
1927,601,Spain,Female,41,3,0,2,1,0,54342.83,0,5,PLATINUM,560,0
1928,605,Spain,Female,36,9,0,2,0,1,35521.63,0,2,DIAMOND,825,0
1929,752,Spain,Female,31,4,144637.86,2,1,0,40496.72,0,1,DIAMOND,383,0
1930,786,Spain,Female,34,9,0,2,1,0,117034.32,0,4,SILVER,472,0
1931,667,Spain,Male,31,5,0,2,1,1,20346.69,0,4,PLATINUM,823,0
1932,848,Spain,Male,35,5,120046.74,2,1,0,84710.65,0,5,GOLD,644,0
1933,598,Spain,Female,64,1,62979.93,1,1,1,152273.57,0,5,GOLD,291,0
1934,692,Spain,Male,46,2,0,2,1,1,105983.09,0,1,PLATINUM,345,0
1935,691,Spain,Male,35,6,0,2,0,1,178038.17,0,4,GOLD,686,0
1936,820,Spain,Female,31,2,94222.53,1,1,0,103570.8,0,1,PLATINUM,947,0
1937,724,Spain,Male,41,5,0,1,0,1,115753.94,0,5,DIAMOND,540,0
1938,665,Spain,Female,51,8,0,1,1,1,38928.48,1,2,DIAMOND,317,1
1939,579,Spain,Male,22,3,118680.57,1,1,1,49829.8,0,5,SILVER,433,0
1940,750,Spain,Female,39,6,0,2,0,0,19264.33,0,5,PLATINUM,940,0
1941,490,Spain,Female,38,3,97266.1,1,1,1,92797.23,0,4,DIAMOND,762,0
1942,563,Spain,Female,42,6,99056.22,2,1,0,154347.95,1,4,SILVER,670,1
1943,621,Spain,Female,36,7,116338.68,1,1,1,155743.48,0,2,SILVER,280,0
1944,614,Spain,Female,36,1,44054.84,1,1,1,73329.08,0,4,SILVER,869,0
1945,643,Spain,Male,35,2,0,2,0,0,67979.35,0,1,PLATINUM,538,0
1946,601,Spain,Female,20,9,122446.61,2,1,0,86791.9,0,3,PLATINUM,605,0
1947,628,Spain,Male,40,10,0,2,1,0,103832.58,0,2,SILVER,401,0
1948,583,Spain,Female,22,2,0,2,0,1,5985.36,0,5,DIAMOND,307,0
1949,586,Spain,Female,33,10,66948.67,2,1,1,140759.03,0,1,SILVER,825,0
1950,551,Spain,Male,76,2,128410.71,2,1,1,181718.73,0,1,SILVER,716,0
1951,773,Spain,Male,63,9,111179.83,1,1,1,93091.02,0,4,DIAMOND,960,0
1952,579,Spain,Male,43,2,145843.82,1,1,1,198402.37,1,2,GOLD,783,1
1953,613,Spain,Male,29,0,0,2,0,1,133897.32,0,5,SILVER,291,0
1954,573,Spain,Male,46,3,65269.23,1,0,1,189988.65,1,4,GOLD,521,1
1955,624,Spain,Male,33,6,66220.17,1,0,1,170819.01,0,5,GOLD,413,0
1956,850,Spain,Male,48,2,0,1,1,0,169425.3,1,1,GOLD,761,1
1957,643,Spain,Female,20,0,133313.34,1,1,1,3965.69,0,2,DIAMOND,948,0
1958,746,Spain,Male,49,7,0,2,0,1,10096.25,0,3,DIAMOND,479,0
1959,607,Spain,Male,28,1,135936.1,2,1,1,110560.14,0,2,SILVER,571,0
1960,588,Spain,Male,33,2,0,2,1,1,12483.56,0,1,PLATINUM,469,0
1961,691,Spain,Male,30,9,0,2,0,1,10963.04,0,1,PLATINUM,269,0
1962,640,Spain,Female,46,3,0,1,1,1,156260.08,0,1,GOLD,777,0
1963,651,Spain,Female,45,8,95922.9,1,1,0,84782.42,1,2,GOLD,591,1
1964,494,Spain,Female,41,2,69974.66,2,1,0,188426.13,1,4,SILVER,997,1
1965,774,Spain,Male,46,9,0,2,1,1,34774.26,0,2,SILVER,919,0
1966,648,Spain,Female,31,5,0,2,1,1,5199.02,0,2,DIAMOND,980,0
1967,668,Spain,Male,43,10,113034.31,1,1,1,100423.88,0,5,PLATINUM,470,0
1968,635,Spain,Male,41,1,0,2,1,0,175611.5,0,2,GOLD,796,0
1969,603,Spain,Male,30,6,129548.5,2,1,1,19282.85,0,2,SILVER,553,0
1970,785,Spain,Female,54,1,0,2,1,0,45113.92,1,5,PLATINUM,287,1
1971,567,Spain,Male,34,10,0,2,0,1,161571.79,0,5,DIAMOND,391,0
1972,449,Spain,Male,32,0,155619.36,1,1,1,166692.03,0,1,GOLD,667,0
1973,701,Spain,Male,35,10,159693.9,2,1,1,71173.64,0,3,DIAMOND,752,0
1974,613,Spain,Male,37,3,171653.17,1,0,1,5353.12,0,4,DIAMOND,512,0
1975,561,Spain,Male,28,6,123692,1,1,1,70548.96,0,4,GOLD,615,0
1976,695,Spain,Male,56,1,0,3,1,0,187734.49,1,2,DIAMOND,231,1
1977,593,Spain,Male,31,8,112713.34,1,1,1,176868.89,0,2,GOLD,710,0
1978,588,Spain,Female,35,7,0,2,1,1,108739.15,0,1,SILVER,221,0
1979,679,Spain,Male,39,6,0,2,1,0,12266.06,0,2,GOLD,702,0
1980,730,Spain,Male,38,5,118866.36,1,1,1,163317.5,0,1,DIAMOND,308,0
1981,586,Spain,Female,33,7,0,2,1,1,168261.4,0,4,SILVER,554,0
1982,567,Spain,Female,54,5,92316.31,2,1,0,158590.66,1,1,DIAMOND,916,1
1983,500,Spain,Male,38,7,0,2,0,0,192013.23,0,2,DIAMOND,870,0
1984,629,Spain,Male,31,6,132876.55,1,1,1,130862.11,0,3,PLATINUM,342,0
1985,582,Spain,Male,33,6,0,2,0,1,72970.93,0,4,DIAMOND,475,0
1986,781,Spain,Female,29,6,98759.89,1,0,0,112202.64,0,2,GOLD,494,0
1987,639,Spain,Female,35,5,136526.26,2,1,0,59653.03,0,4,GOLD,616,0
1988,677,Spain,Female,34,4,0,2,1,1,6175.53,0,4,DIAMOND,839,0
1989,592,Spain,Male,45,8,84692.5,1,0,1,67214.02,0,5,DIAMOND,551,0
1990,633,Spain,Male,42,10,0,1,0,1,79408.17,0,2,SILVER,660,0
1991,647,Spain,Male,47,10,99835.17,1,0,1,89103.05,0,3,DIAMOND,554,0
1992,497,Spain,Male,27,7,149400.27,1,0,0,167522.19,0,4,GOLD,423,0
1993,667,Spain,Male,45,3,0,2,0,0,163655.01,0,1,SILVER,814,0
1994,664,Spain,Male,32,5,133705.74,1,0,0,134455.84,0,1,SILVER,977,0
1995,427,Spain,Female,39,9,0,2,1,0,28368.37,0,2,DIAMOND,489,0
1996,707,Spain,Male,32,9,0,2,1,0,126475.79,0,2,PLATINUM,947,0
1997,590,Spain,Male,37,1,0,2,0,0,133535.99,0,2,GOLD,930,0
1998,603,Spain,Male,57,6,105000.85,2,1,1,87412.24,1,3,DIAMOND,281,1
1999,731,Spain,Female,39,2,126816.18,1,1,1,74850.93,0,1,SILVER,403,0
2000,569,Spain,Male,41,2,0,2,1,0,134272.57,0,5,SILVER,991,0
2001,684,Spain,Male,39,4,207034.96,2,0,0,157694.76,1,4,DIAMOND,800,1
2002,763,Spain,Male,37,8,0,2,1,1,933.38,0,1,DIAMOND,560,0
2003,671,Spain,Male,50,8,0,1,0,1,2560.11,0,1,GOLD,678,0
2004,592,Spain,Male,38,3,0,1,1,1,12905.89,1,1,PLATINUM,983,1
2005,666,Spain,Female,36,6,0,2,1,0,176692.87,0,3,GOLD,990,0
2006,850,Spain,Male,36,6,0,2,0,1,41291.05,0,2,SILVER,234,0
2007,622,Spain,Male,42,9,0,2,1,0,119127.06,0,5,SILVER,884,0
2008,555,Spain,Male,21,1,0,2,0,0,103901.35,0,1,DIAMOND,599,0
2009,624,Spain,Female,36,10,0,2,0,1,186180.42,0,5,GOLD,230,0
2010,698,Spain,Female,50,1,0,4,1,0,88566.9,1,3,PLATINUM,341,1
2011,720,Spain,Male,31,4,141356.47,1,0,0,137985.69,0,2,SILVER,637,0
2012,771,Spain,Female,47,3,72664,2,1,1,107874.39,0,4,GOLD,862,0
2013,548,Spain,Male,33,6,0,1,1,1,31728.35,0,4,GOLD,855,0
2014,657,Spain,Male,41,8,109402.13,1,1,1,66463.62,0,4,GOLD,988,0
2015,730,Spain,Female,39,6,140094.59,1,1,0,172450.04,1,4,GOLD,408,1
2016,477,Spain,Male,31,9,0,2,0,1,184061.17,0,1,SILVER,295,0
2017,714,Spain,Male,29,9,0,2,1,0,129192.55,0,3,DIAMOND,323,0
2018,772,Spain,Male,36,3,112029.83,1,1,1,186948.35,0,2,SILVER,776,0
2019,597,Spain,Male,38,1,0,2,1,0,41303.29,0,3,DIAMOND,476,0
2020,614,Spain,Male,66,2,0,2,0,1,180082.7,0,5,SILVER,778,0
2021,659,Spain,Male,60,2,0,1,1,0,177480.45,1,2,GOLD,365,1
2022,590,Spain,Female,51,10,84474.62,2,1,1,190937.09,0,3,PLATINUM,690,0
2023,421,Spain,Male,34,6,90723.36,1,1,1,12162.76,0,5,GOLD,417,0
2024,624,Spain,Female,34,6,0,1,1,0,582.59,1,5,PLATINUM,468,1
2025,577,Spain,Male,28,7,0,1,1,0,143274.41,0,2,SILVER,987,0
2026,695,Spain,Male,39,4,65521.2,1,1,1,1243.97,0,5,PLATINUM,494,0
2027,847,Spain,Male,31,5,0,2,1,1,76326.67,0,4,SILVER,791,0
2028,692,Spain,Female,29,4,0,2,0,0,138880.24,0,2,DIAMOND,983,0
2029,486,Spain,Male,24,1,0,1,1,0,98802.76,0,5,DIAMOND,937,0
2030,780,Spain,Male,47,7,86006.21,1,1,1,37973.13,0,1,DIAMOND,348,0
2031,500,Spain,Male,40,1,99004.24,1,1,1,152845.99,0,5,GOLD,481,0
2032,654,Spain,Female,36,2,0,2,1,1,146652.11,0,1,PLATINUM,576,0
2033,606,Spain,Female,25,3,147386.72,3,1,0,45482.04,1,5,SILVER,405,1
2034,367,Spain,Male,42,6,93608.28,1,1,0,168816.73,1,3,PLATINUM,592,1
2035,799,Spain,Male,38,2,0,2,1,1,59297.34,0,1,DIAMOND,780,0
2036,719,Spain,Female,32,7,0,1,0,0,76264.27,0,3,PLATINUM,677,0
2037,461,Spain,Female,25,6,0,2,1,1,15306.29,0,1,PLATINUM,539,0
2038,681,Spain,Male,38,2,99811.44,2,1,0,23531.5,0,1,DIAMOND,568,0
2039,606,Spain,Male,37,8,154712.58,2,1,0,89099.18,0,5,DIAMOND,577,0
2040,542,Spain,Male,37,8,0,1,1,1,807.06,0,3,GOLD,842,0
2041,597,Spain,Female,33,2,0,2,1,1,4700.66,0,3,GOLD,955,0
2042,496,Spain,Female,44,0,179356.28,2,1,0,2919.21,1,1,PLATINUM,326,1
2043,759,Spain,Male,31,8,0,2,1,1,99086.74,0,3,PLATINUM,451,0
2044,564,Spain,Male,31,0,125175.58,1,1,1,72757.33,0,5,DIAMOND,572,0
2045,562,Spain,Male,36,5,0,1,0,1,182843.24,0,5,DIAMOND,615,0
2046,621,Spain,Female,59,2,0,2,1,1,171364.18,0,4,PLATINUM,740,0
2047,603,Spain,Female,39,5,162390.52,2,1,0,54702.66,0,5,GOLD,293,0
2048,668,Spain,Female,36,3,133686.52,1,1,0,190958.48,1,3,DIAMOND,668,1
2049,767,Spain,Male,47,5,0,1,1,0,121964.46,1,5,GOLD,273,1
2050,718,Spain,Female,49,10,82321.88,1,0,1,11144.4,0,3,SILVER,843,0
2051,589,Spain,Female,27,4,0,2,1,0,144181.48,0,2,GOLD,908,0
2052,778,Spain,Male,33,5,116474.28,2,1,1,32757.55,0,2,GOLD,445,0
2053,566,Spain,Male,63,2,120787.18,2,1,1,52198.84,0,4,SILVER,803,0
2054,703,Spain,Male,31,6,0,2,1,1,67667.19,0,3,PLATINUM,975,0
2055,598,Spain,Male,34,0,104488.17,1,0,1,43249.67,0,5,SILVER,547,0
2056,670,Spain,Female,57,3,175575.95,2,1,0,99061.75,1,5,DIAMOND,843,1
2057,804,Spain,Female,38,3,124197.22,1,1,0,74692.06,0,2,PLATINUM,271,0
2058,582,Spain,Male,25,9,148042.97,2,1,0,52341.15,0,5,DIAMOND,310,0
2059,633,Spain,Female,33,4,92855.02,1,1,1,159813.18,0,3,SILVER,804,0
2060,564,Spain,Male,37,9,100252.18,1,1,1,146033.52,0,3,PLATINUM,500,0
2061,602,Spain,Male,37,3,107592.89,2,0,1,153122.73,0,3,GOLD,493,0
2062,679,Spain,Female,40,7,0,2,1,1,163757.29,0,2,GOLD,610,0
2063,639,Spain,Male,34,7,149940.04,2,0,0,156648.81,0,2,GOLD,938,0
2064,528,Spain,Female,32,0,68138.37,1,1,1,170309.19,0,2,SILVER,871,0
2065,577,Spain,Male,35,5,110080.3,1,1,1,109794.31,0,4,PLATINUM,407,0
2066,671,Spain,Male,58,1,178713.98,1,1,1,21768.21,0,4,SILVER,953,0
2067,619,Spain,Male,38,3,96143.47,1,0,0,98994.92,0,3,DIAMOND,759,0
2068,555,Spain,Male,32,10,0,2,0,1,168605.96,0,4,GOLD,606,0
2069,559,Spain,Male,34,0,0,1,1,0,182988.94,0,3,GOLD,472,0
2070,610,Spain,Female,46,5,116886.59,1,0,0,107973.44,0,1,GOLD,452,0
2071,580,Spain,Male,32,9,142188.2,2,0,1,128028.6,0,3,DIAMOND,332,0
2072,706,Spain,Male,53,7,0,2,0,1,117939.17,0,2,DIAMOND,840,0
2073,567,Spain,Male,40,8,28649.64,1,1,1,95140.62,0,2,SILVER,488,0
2074,632,Spain,Male,28,7,155519.59,1,1,0,1843.24,0,5,PLATINUM,557,0
2075,668,Spain,Male,38,1,147904.31,1,1,1,69370.05,0,3,SILVER,502,0
2076,704,Spain,Female,36,2,175509.8,2,1,0,152039.67,0,3,PLATINUM,397,0
2077,702,Spain,Male,43,6,116121.67,1,1,0,61602.42,0,2,DIAMOND,488,0
2078,650,Spain,Female,50,7,129667.77,1,0,0,42028.16,0,5,PLATINUM,485,0
2079,712,Spain,Female,30,6,0,2,1,0,152417.97,0,4,PLATINUM,472,0
2080,638,Spain,Male,34,5,146679.77,1,1,0,102179.86,0,5,DIAMOND,790,0
2081,815,Spain,Female,38,2,48387,1,1,0,184796.84,0,3,DIAMOND,243,0
2082,645,Spain,Male,38,1,68079.8,1,0,1,166264.89,0,1,PLATINUM,746,0
2083,602,Spain,Female,42,1,138912.17,1,1,1,139494.75,0,1,GOLD,759,0
2084,516,Spain,Female,31,3,0,2,1,0,124202.26,0,1,SILVER,413,0
2085,568,Spain,Female,46,3,0,2,1,1,29372.62,0,5,DIAMOND,446,0
2086,695,Spain,Male,32,9,0,3,0,1,38533.79,0,4,GOLD,475,0
2087,807,Spain,Female,28,7,165969.26,3,1,0,156122.13,1,5,PLATINUM,255,1
2088,524,Spain,Female,32,6,0,1,1,1,132861.9,1,4,PLATINUM,373,1
2089,504,Spain,Male,44,4,113522.64,1,1,1,12405.2,0,1,SILVER,947,0
2090,731,Spain,Female,26,3,0,2,1,0,37697.29,0,5,DIAMOND,271,0
2091,675,Spain,Female,40,8,79035.95,1,1,0,142783.98,1,5,GOLD,481,1
2092,657,Spain,Female,22,6,0,3,0,1,168412.07,1,5,DIAMOND,974,1
2093,446,Spain,Female,45,10,125191.69,1,1,1,128260.86,1,5,SILVER,584,1
2094,795,Spain,Male,29,4,0,2,0,0,155711.64,0,3,GOLD,902,0
2095,628,Spain,Female,55,7,0,3,1,0,85890.75,1,3,DIAMOND,791,1
2096,802,Spain,Male,40,4,0,2,1,1,81908.09,0,3,DIAMOND,841,0
2097,434,Spain,Male,55,6,0,1,0,1,73562.05,1,5,PLATINUM,821,1
2098,599,Spain,Male,25,3,0,2,1,1,120790.02,0,1,PLATINUM,488,0
2099,743,Spain,Male,25,6,0,2,1,0,129740.11,0,2,GOLD,748,0
2100,535,Spain,Male,58,1,0,2,1,1,11779.98,1,4,PLATINUM,927,1
2101,701,Spain,Male,26,5,83600.24,1,0,1,59195.05,0,2,DIAMOND,916,0
2102,749,Spain,Male,38,9,129378.32,1,1,1,13549.34,0,4,DIAMOND,633,0
2103,619,Spain,Female,56,7,0,2,1,1,42442.21,0,1,PLATINUM,652,0
2104,749,Spain,Male,36,7,0,2,0,0,80134.65,0,3,DIAMOND,936,0
2105,760,Spain,Male,38,3,91241.85,1,0,1,80682.35,0,5,GOLD,840,0
2106,669,Spain,Male,29,9,0,1,1,1,93901.61,0,5,DIAMOND,335,0
2107,612,Spain,Female,52,5,144772.69,1,0,0,98302.57,1,4,PLATINUM,818,1
2108,719,Spain,Male,44,4,0,1,0,0,84972.9,1,5,DIAMOND,582,1
2109,834,Spain,Male,40,7,0,2,0,0,45038.74,0,1,DIAMOND,886,0
2110,663,Spain,Female,33,8,96769.04,1,1,1,36864.05,0,4,GOLD,852,0
2111,765,Spain,Female,33,5,84557.82,1,1,1,69039.43,0,1,PLATINUM,927,0
2112,575,Spain,Female,22,8,105229.34,1,1,1,34397.08,0,1,GOLD,806,0
2113,744,Spain,Female,46,1,0,3,1,1,177431.59,1,4,PLATINUM,846,1
2114,595,Spain,Male,23,7,0,2,1,1,168085.97,0,5,PLATINUM,487,0
2115,526,Spain,Male,49,2,0,1,1,0,114539.67,1,2,DIAMOND,948,1
2116,709,Spain,Male,62,3,0,2,1,1,82195.15,0,4,SILVER,557,0
2117,678,Spain,Female,27,5,87099.85,2,1,0,149550.95,0,2,SILVER,957,0
2118,721,Spain,Female,33,4,72535.45,1,1,1,103931.49,0,5,GOLD,739,0
2119,729,Spain,Female,38,10,0,2,1,0,189727.12,0,1,PLATINUM,975,0
2120,433,Spain,Male,34,9,152806.74,1,1,0,19687.99,0,5,DIAMOND,398,0
2121,651,Spain,Male,42,2,143145.87,2,1,0,43612.06,0,4,SILVER,288,0
2122,577,Spain,Male,43,3,0,2,1,1,135008.92,0,2,PLATINUM,524,0
2123,678,Spain,Male,29,6,0,2,1,0,64443.75,0,3,GOLD,775,0
2124,678,Spain,Male,27,2,0,2,1,1,13221.25,0,4,GOLD,1000,0
2125,586,Spain,Female,42,2,0,1,1,0,102889.34,0,3,PLATINUM,338,0
2126,612,Spain,Male,39,5,170288.38,1,1,1,59601.15,0,4,GOLD,295,0
2127,657,Spain,Male,29,7,83889.03,1,1,0,153059.62,0,3,SILVER,682,0
2128,634,Spain,Male,52,1,0,2,1,1,176913.42,0,4,PLATINUM,928,0
2129,644,Spain,Male,18,8,0,2,1,0,59172.42,0,4,DIAMOND,975,0
2130,694,Spain,Male,39,3,0,1,1,1,95625.03,0,3,SILVER,550,0
2131,534,Spain,Male,35,4,0,2,0,0,9541.15,0,2,PLATINUM,784,0
2132,723,Spain,Male,30,1,0,3,1,0,164647.72,1,3,SILVER,421,1
2133,597,Spain,Male,43,2,85162.26,1,0,1,5104.08,1,1,SILVER,507,1
2134,801,Spain,Female,46,6,0,2,1,1,170008.74,0,3,SILVER,557,0
2135,731,Spain,Female,33,5,137388.01,2,1,0,165000.68,0,3,PLATINUM,935,0
2136,647,Spain,Male,47,5,105603.21,2,1,1,157360.9,0,1,DIAMOND,364,0
2137,517,Spain,Male,46,4,0,1,1,0,22372.78,0,1,PLATINUM,465,0
2138,507,Spain,Male,32,7,0,2,1,0,67926.18,0,5,SILVER,506,0
2139,682,Spain,Female,58,4,0,1,1,0,176036.01,0,2,SILVER,495,0
2140,629,Spain,Male,41,10,150148.51,1,0,0,6936.27,0,2,DIAMOND,799,0
2141,788,Spain,Male,36,10,109632.85,1,1,1,16149.13,0,4,GOLD,283,0
2142,622,Spain,Male,36,9,0,2,1,1,104852.6,0,3,DIAMOND,331,0
2143,585,Spain,Male,45,0,0,2,0,0,189683.7,0,3,DIAMOND,957,0
2144,668,Spain,Male,32,1,134446.04,1,0,1,111241.37,0,4,PLATINUM,503,0
2145,712,Spain,Female,29,7,77919.78,1,1,0,122547.58,0,3,SILVER,983,0
2146,678,Spain,Female,39,6,0,1,0,1,185366.56,0,4,GOLD,965,0
2147,719,Spain,Female,40,9,0,2,1,0,182224.14,0,1,GOLD,238,0
2148,722,Spain,Male,37,9,0,2,1,0,31921.95,0,4,GOLD,379,0
2149,678,Spain,Female,49,1,0,2,1,1,102472.9,0,1,GOLD,502,0
2150,786,Spain,Female,39,7,0,2,0,0,100929.59,0,3,SILVER,958,0
2151,807,Spain,Male,42,5,0,2,1,1,74900.9,0,2,DIAMOND,791,0
2152,596,Spain,Female,30,1,0,2,1,0,8125.39,0,1,DIAMOND,951,0
2153,653,Spain,Female,27,6,107751.68,2,1,1,33389.42,0,3,GOLD,563,0
2154,656,Spain,Female,41,6,101179.23,2,1,1,35230.61,0,2,GOLD,239,0
2155,750,Spain,Female,36,6,0,2,1,1,59816.41,0,3,PLATINUM,371,0
2156,651,Spain,Male,23,4,115636.05,2,1,0,70400.86,0,5,PLATINUM,710,0
2157,754,Spain,Male,40,2,160625.17,1,0,1,3554.63,0,1,DIAMOND,816,0
2158,716,Spain,Female,29,8,0,2,0,0,78616.92,0,1,DIAMOND,785,0
2159,809,Spain,Female,48,2,0,1,1,0,160976.85,1,1,GOLD,994,1
2160,774,Spain,Female,43,1,110646.54,1,0,0,108804.28,0,4,GOLD,597,0
2161,660,Spain,Male,31,1,84560.04,1,1,1,137784.25,0,1,PLATINUM,357,0
2162,730,Spain,Male,25,5,167385.81,1,1,1,56307.51,0,5,PLATINUM,452,0
2163,690,Spain,Female,48,2,0,2,1,1,3149.1,0,3,GOLD,712,0
2164,532,Spain,Female,37,5,0,2,0,1,6761.84,0,5,DIAMOND,527,0
2165,540,Spain,Male,39,2,0,2,1,0,81995.92,0,4,DIAMOND,868,0
2166,762,Spain,Female,43,5,134204.67,1,1,1,139971.01,0,4,DIAMOND,672,0
2167,504,Spain,Male,34,0,54980.81,1,1,1,136909.88,0,1,PLATINUM,475,0
2168,751,Spain,Female,37,3,99773.85,2,1,0,54865.92,0,2,PLATINUM,403,0
2169,784,Spain,Female,42,2,109052.04,2,1,0,6409.55,0,5,GOLD,985,0
2170,850,Spain,Female,55,7,0,1,0,0,171762.87,1,3,SILVER,987,1
2171,516,Spain,Female,65,9,102541.1,1,1,0,181490.42,0,4,PLATINUM,933,0
2172,469,Spain,Male,35,5,0,2,1,0,186490.37,0,4,SILVER,698,0
2173,786,Spain,Male,40,6,0,2,0,0,41248.8,0,5,PLATINUM,326,0
2174,775,Spain,Male,27,4,0,1,1,1,40807.26,0,1,DIAMOND,923,0
2175,668,Spain,Female,30,8,0,2,1,0,138465.7,0,5,PLATINUM,443,0
2176,633,Spain,Male,27,3,0,2,1,0,44008.91,0,1,SILVER,612,0
2177,727,Spain,Female,41,10,0,2,0,1,47468.56,0,5,DIAMOND,408,0
2178,749,Spain,Male,42,9,222267.63,1,0,0,101108.85,1,4,GOLD,763,1
2179,687,Spain,Female,29,7,93617.07,1,0,1,113050.92,0,2,PLATINUM,856,0
2180,622,Spain,Female,23,8,0,2,1,1,131389.39,0,3,SILVER,390,0
2181,693,Spain,Female,45,4,0,2,1,1,26589.56,0,5,SILVER,898,0
2182,450,Spain,Male,25,9,74237.2,2,0,1,195463.35,0,3,SILVER,547,0
2183,663,Spain,Female,28,8,61274.7,2,1,0,136054.45,0,4,PLATINUM,244,0
2184,575,Spain,Female,30,8,0,2,1,0,185341.63,0,3,GOLD,597,0
2185,574,Spain,Male,30,5,120355,1,1,0,137793.35,0,3,SILVER,420,0
2186,707,Spain,Female,52,7,0,1,1,0,109688.82,1,1,SILVER,533,1
2187,677,Spain,Female,34,10,171671.9,1,1,1,50777.77,0,1,DIAMOND,392,0
2188,634,Spain,Male,63,10,0,2,1,0,30772.86,1,3,DIAMOND,350,1
2189,649,Spain,Female,36,6,86607.39,1,0,0,19825.09,0,3,PLATINUM,998,0
2190,617,Spain,Male,34,9,0,2,1,0,118749.58,0,1,PLATINUM,561,0
2191,567,Spain,Male,44,9,0,2,1,0,87677.15,0,1,DIAMOND,240,0
2192,603,Spain,Male,24,1,165149.13,2,1,0,21858.28,0,1,PLATINUM,872,0
2193,617,Spain,Female,37,9,101707.8,1,1,0,123866.28,0,5,GOLD,425,0
2194,600,Spain,Female,27,6,0,2,1,1,172031.22,0,2,SILVER,292,0
2195,689,Spain,Male,73,1,108555.07,1,0,1,167969.15,0,1,PLATINUM,623,0
2196,416,Spain,Male,35,8,0,1,0,0,119712.78,0,2,DIAMOND,244,0
2197,706,Spain,Female,29,1,209490.21,1,1,1,133267.69,1,2,DIAMOND,243,1
2198,651,Spain,Male,38,2,0,3,1,0,67029.82,1,2,PLATINUM,431,1
2199,543,Spain,Male,23,5,0,2,1,0,117832.39,0,2,PLATINUM,710,0
2200,792,Spain,Female,40,7,0,1,1,0,141652.2,0,1,DIAMOND,538,0
2201,850,Spain,Male,39,8,0,2,1,1,37090.44,0,3,DIAMOND,995,0
2202,685,Spain,Male,31,7,122449.31,2,1,1,180769.55,0,5,GOLD,946,0
2203,558,Spain,Male,40,4,161766.87,1,0,0,92378.54,0,2,DIAMOND,628,0
2204,662,Spain,Female,42,6,105021.28,1,1,0,48242.38,0,4,PLATINUM,313,0
2205,675,Spain,Female,50,1,133204.91,1,0,1,8270.06,0,1,PLATINUM,467,0
2206,643,Spain,Female,35,6,0,2,1,1,41549.64,0,1,PLATINUM,704,0
2207,638,Spain,Male,41,7,0,2,1,0,43889.41,0,5,DIAMOND,847,0
2208,824,Spain,Female,38,3,0,2,1,0,192800.25,0,5,PLATINUM,340,0
2209,716,Spain,Male,34,9,0,1,1,1,66695.71,0,3,DIAMOND,980,0
2210,776,Spain,Male,33,2,0,2,1,1,176921,0,2,GOLD,536,0
2211,557,Spain,Male,36,1,113110.26,1,1,0,98413.1,0,3,DIAMOND,512,0
2212,620,Spain,Male,42,4,106920.91,1,0,1,119747.08,0,5,GOLD,396,0
2213,695,Spain,Male,35,7,0,2,1,0,160387.98,0,5,PLATINUM,950,0
2214,500,Spain,Female,50,5,0,4,1,1,83866.35,1,1,DIAMOND,416,1
2215,708,Spain,Male,38,8,99640.89,1,1,0,12429.22,0,2,DIAMOND,412,0
2216,674,Spain,Female,39,6,0,2,1,1,9574.83,0,3,SILVER,629,0
2217,697,Spain,Male,43,10,128226.37,1,0,0,188486.94,0,3,DIAMOND,761,0
2218,747,Spain,Male,37,1,0,2,0,1,180551.76,0,1,PLATINUM,988,0
2219,687,Spain,Male,38,8,69434.4,2,1,1,66580.13,1,4,GOLD,778,1
2220,649,Spain,Female,38,8,0,1,1,0,103760.53,0,2,SILVER,858,0
2221,556,Spain,Male,46,3,131764.96,1,1,1,108500.66,1,5,SILVER,606,1
2222,812,Spain,Female,24,1,92476.88,1,0,0,83247.14,0,4,GOLD,816,0
2223,731,Spain,Female,39,2,0,2,1,0,136737.13,0,2,SILVER,665,0
2224,471,Spain,Female,28,5,0,2,1,1,22356.97,0,1,PLATINUM,583,0
2225,668,Spain,Male,45,4,102486.21,2,1,1,158379.25,0,4,GOLD,823,0
2226,534,Spain,Male,34,5,170600.78,1,0,1,5240.53,0,5,PLATINUM,703,0
2227,631,Spain,Female,46,10,0,2,1,1,129508.96,0,2,DIAMOND,687,0
2228,467,Spain,Male,39,5,0,2,1,1,7415.96,0,5,SILVER,994,0
2229,683,Spain,Male,40,4,95053.1,1,1,1,116816.54,1,5,PLATINUM,777,1
2230,613,Spain,Female,32,0,0,2,0,1,126675.62,0,5,DIAMOND,963,0
2231,593,Spain,Male,32,10,158537.42,1,1,0,166850.57,0,5,SILVER,584,0
2232,670,Spain,Female,29,9,0,2,1,0,27359.19,0,4,DIAMOND,440,0
2233,713,Spain,Female,26,4,122857.46,2,1,0,144682.17,1,1,PLATINUM,709,1
2234,693,Spain,Male,47,8,107604.66,1,1,1,80149.27,0,5,SILVER,446,0
2235,551,Spain,Male,49,1,150777.72,2,1,1,135757.27,0,5,PLATINUM,986,0
2236,542,Spain,Male,35,2,174894.53,1,1,1,22314.55,0,4,DIAMOND,380,0
2237,731,Spain,Male,46,10,0,2,1,0,153015.42,0,2,GOLD,416,0
2238,711,Spain,Male,42,3,177626.77,3,0,1,16392.72,1,1,PLATINUM,788,1
2239,518,Spain,Male,50,4,0,1,0,0,107112.25,1,2,PLATINUM,225,1
2240,728,Spain,Male,42,8,0,2,0,1,41823.22,0,5,DIAMOND,785,0
2241,469,Spain,Male,37,9,96776.49,1,1,1,119890.86,0,4,PLATINUM,406,0
2242,758,Spain,Male,61,2,0,2,1,1,43982.41,0,5,GOLD,299,0
2243,650,Spain,Female,32,4,79450.09,1,1,1,118324.75,0,5,SILVER,315,0
2244,706,Spain,Female,43,1,0,2,1,0,31962.77,0,4,SILVER,994,0
2245,631,Spain,Female,31,2,88161.85,2,1,0,127630.88,0,1,PLATINUM,804,0
2246,623,Spain,Male,41,2,142412.13,1,1,0,28778.98,0,4,DIAMOND,729,0
2247,673,Spain,Female,35,6,0,2,1,0,98618.79,0,5,SILVER,222,0
2248,664,Spain,Male,41,7,123428.69,1,1,1,164924.11,0,2,PLATINUM,315,0
2249,760,Spain,Male,43,6,175735.5,1,1,1,157337.29,0,2,GOLD,927,0
2250,766,Spain,Male,36,5,78381.13,1,0,1,153831.6,0,2,SILVER,637,0
2251,573,Spain,Male,28,8,0,2,0,0,77660.03,0,4,PLATINUM,668,0
2252,615,Spain,Male,32,5,138521.83,1,1,1,56897.1,0,3,SILVER,777,0
2253,702,Spain,Female,38,9,0,2,1,1,158527.45,0,2,SILVER,629,0
2254,688,Spain,Male,32,6,124179.3,1,1,1,138759.15,0,1,GOLD,539,0
2255,708,Spain,Male,33,3,0,2,1,0,138613.21,0,5,DIAMOND,729,0
2256,745,Spain,Female,38,7,0,2,1,1,194230.82,0,3,DIAMOND,401,0
2257,661,Spain,Male,20,8,0,1,1,0,110252.53,0,3,GOLD,330,0
2258,596,Spain,Male,60,7,121907.97,1,0,1,30314.04,0,5,GOLD,774,0
2259,573,Spain,Male,41,5,0,2,0,1,14479.29,0,3,GOLD,508,0
2260,577,Spain,Male,31,6,0,1,1,1,196395.25,0,4,GOLD,458,0
2261,718,Spain,Male,34,5,113922.44,2,1,0,30772.22,0,2,DIAMOND,503,0
2262,577,Spain,Male,29,2,0,1,1,1,168924.41,0,2,GOLD,665,0
2263,546,Spain,Female,36,7,85660.96,1,0,0,134778.01,0,4,PLATINUM,527,0
2264,577,Spain,Male,51,2,108867,1,0,0,140800.66,1,4,SILVER,456,1
2265,545,Spain,Female,44,1,0,2,1,1,82614.89,0,3,DIAMOND,874,0
2266,560,Spain,Male,47,1,0,1,0,0,128882.66,1,1,SILVER,762,1
2267,470,Spain,Female,48,6,140576.11,1,1,1,116971.05,0,2,DIAMOND,296,0
2268,720,Spain,Male,64,3,45752.78,2,1,0,79623.28,1,4,SILVER,608,1
2269,619,Spain,Female,32,4,175406.13,2,1,1,172792.43,1,1,DIAMOND,707,1
2270,468,Spain,Male,26,1,131643.25,1,1,0,64436.16,0,1,PLATINUM,855,0
2271,516,Spain,Female,27,1,0,1,0,1,112311.15,0,3,PLATINUM,638,0
2272,427,Spain,Male,40,8,0,2,1,1,82870.75,0,5,SILVER,778,0
2273,686,Spain,Female,47,6,0,1,1,0,32080.69,1,3,PLATINUM,510,1
2274,647,Spain,Female,29,2,0,2,1,0,179032.68,0,1,DIAMOND,373,0
2275,597,Spain,Male,38,6,115702.67,2,1,1,25059.05,0,4,DIAMOND,486,0
2276,656,Spain,Female,34,6,59877.33,1,1,0,14032.62,1,5,SILVER,248,1
2277,655,Spain,Male,38,9,0,1,0,1,90490.33,0,5,PLATINUM,544,0
2278,772,Spain,Male,41,10,96032.22,1,1,1,75825.57,0,3,DIAMOND,317,0
2279,681,Spain,Male,33,10,0,1,0,0,158336.36,0,1,PLATINUM,818,0
2280,710,Spain,Male,23,6,0,2,1,1,134188.11,0,4,SILVER,416,0
2281,731,Spain,Female,40,5,171325.98,1,1,1,159718.27,1,2,SILVER,964,1
2282,703,Spain,Male,58,4,92930.92,1,0,1,85148.78,0,4,DIAMOND,243,0
2283,749,Spain,Male,34,2,0,1,0,0,174189.04,1,1,PLATINUM,653,1
2284,753,Spain,Male,51,4,79811.72,2,0,1,68260.27,1,1,DIAMOND,956,1
2285,630,Spain,Male,39,10,105473.74,1,0,0,58854.88,1,5,PLATINUM,787,1
2286,838,Spain,Female,40,6,61671.19,1,0,1,150659.35,1,3,GOLD,228,1
2287,705,Spain,Male,36,1,111629.29,1,1,1,21807.16,0,5,PLATINUM,812,0
2288,727,Spain,Female,49,7,96296.78,1,1,0,190457.87,1,5,SILVER,541,1
2289,712,Spain,Male,45,6,112994.65,1,0,0,198398.68,0,1,SILVER,847,0
2290,579,Spain,Female,39,2,151963.26,2,1,0,158948.63,0,1,PLATINUM,393,0
2291,504,Spain,Female,46,2,163764.84,1,1,1,165122.55,1,2,GOLD,461,1
2292,540,Spain,Female,31,10,118158.74,1,1,1,158027.57,0,4,SILVER,645,0
2293,680,Spain,Male,36,7,0,2,1,0,20109.21,0,5,DIAMOND,524,0
2294,673,Spain,Male,43,8,127132.96,1,0,1,6009.27,1,2,SILVER,831,1
2295,693,Spain,Female,34,10,107556.06,2,0,0,154631.35,0,5,DIAMOND,711,0
2296,695,Spain,Female,56,4,0,2,1,0,84644.76,0,4,GOLD,736,0
2297,628,Spain,Male,28,4,0,2,1,1,176750.81,0,3,DIAMOND,997,0
2298,801,Spain,Male,58,1,79954.61,2,1,1,30484.19,0,1,GOLD,760,0
2299,794,Spain,Female,37,9,0,2,1,0,68008.85,0,3,DIAMOND,577,0
2300,773,Spain,Male,51,4,0,2,0,0,123587.83,1,4,SILVER,562,1
2301,382,Spain,Male,36,0,0,1,1,1,179540.73,1,4,GOLD,659,1
2302,457,Spain,Female,38,6,0,2,1,0,173219.09,0,3,DIAMOND,629,0
2303,640,Spain,Male,47,6,89047.14,1,1,0,116286.25,0,5,DIAMOND,441,0
2304,589,Spain,Female,46,10,0,2,0,1,168369.37,0,3,DIAMOND,821,0
2305,505,Spain,Male,37,0,134006.39,1,1,1,93736.69,0,4,PLATINUM,274,0
2306,786,Spain,Male,29,7,80895.44,2,1,0,64945.57,0,1,DIAMOND,841,0
2307,629,Spain,Male,34,6,0,2,1,0,190347.72,0,3,DIAMOND,741,0
2308,787,Spain,Female,39,7,171646.76,1,0,1,100791.36,0,4,GOLD,318,0
2309,713,Spain,Male,42,0,109121.71,1,0,1,167873.49,0,5,GOLD,872,0
2310,644,Spain,Male,49,10,0,2,1,1,145089.64,0,4,SILVER,511,0
2311,414,Spain,Male,60,3,0,2,1,1,93844.82,0,5,DIAMOND,315,0
2312,596,Spain,Male,29,2,0,2,1,1,1591.19,0,2,DIAMOND,224,0
2313,649,Spain,Female,47,8,110783.28,1,1,1,71420.16,0,3,PLATINUM,768,0
2314,560,Spain,Female,33,9,0,1,0,1,183358.21,0,1,DIAMOND,531,0
2315,619,Spain,Male,34,1,0,1,1,0,139919.38,0,5,GOLD,524,0
2316,551,Spain,Female,48,5,95679.29,1,0,0,94978.1,0,1,DIAMOND,815,0
2317,623,Spain,Female,43,4,123536.52,2,0,0,154908.52,0,5,GOLD,408,0
2318,698,Spain,Female,38,1,171848.38,1,0,0,16957.45,0,5,PLATINUM,806,0
2319,651,Spain,Male,47,2,0,2,1,1,119808.64,0,5,PLATINUM,758,0
2320,668,Spain,Female,69,9,0,1,0,1,134483.07,0,5,PLATINUM,397,0
2321,563,Spain,Male,61,1,82182.1,1,1,0,106826.92,1,1,GOLD,401,1
2322,635,Spain,Female,41,10,0,2,1,1,61994.2,0,5,PLATINUM,883,0
2323,593,Spain,Female,40,2,0,1,1,1,5194.95,0,2,SILVER,678,0
2324,663,Spain,Male,35,5,0,2,1,1,62634.94,0,5,SILVER,252,0
2325,641,Spain,Male,25,10,0,2,1,1,180808.39,0,4,DIAMOND,586,0
2326,665,Spain,Male,29,1,182781.74,2,1,1,63732.9,0,4,GOLD,943,0
2327,660,Spain,Female,36,0,84438.57,1,1,1,181449.51,0,4,DIAMOND,699,0
2328,615,Spain,Male,42,4,0,3,0,1,120321.09,0,5,PLATINUM,757,0
2329,670,Spain,Male,37,0,178742.71,1,1,1,194493.57,0,3,DIAMOND,345,0
2330,739,Spain,Female,40,8,0,1,1,0,167030.51,0,5,PLATINUM,836,0
2331,634,Spain,Male,35,3,0,2,1,1,19515.48,0,2,SILVER,332,0
2332,718,Spain,Female,39,2,0,1,1,1,52138.49,0,2,PLATINUM,431,0
2333,641,Spain,Female,36,1,0,2,1,0,102021.39,0,2,GOLD,262,0
2334,658,Spain,Female,32,5,145553.07,1,1,1,31484.76,0,5,DIAMOND,528,0
2335,709,Spain,Female,35,1,111827.27,2,1,0,12674.68,0,3,DIAMOND,716,0
2336,690,Spain,Female,26,2,0,2,1,1,93255.85,0,3,GOLD,568,0
2337,765,Spain,Male,45,2,91549.78,1,1,1,47139.44,0,3,PLATINUM,926,0
2338,679,Spain,Male,39,5,0,2,1,1,100060.54,0,1,PLATINUM,338,0
2339,846,Spain,Male,61,0,0,2,1,1,96202.44,0,1,PLATINUM,292,0
2340,532,Spain,Female,39,0,0,2,1,0,94977.3,0,1,PLATINUM,777,0
2341,700,Spain,Female,40,2,0,2,1,0,199753.97,0,5,SILVER,654,0
2342,595,Spain,Female,43,5,0,2,0,0,105149.8,0,1,SILVER,430,0
2343,419,Spain,Female,27,2,121580.42,1,0,1,134720.51,0,5,DIAMOND,851,0
2344,570,Spain,Male,34,10,0,2,0,1,183387.12,0,4,SILVER,568,0
2345,544,Spain,Female,53,9,0,1,1,0,125692.07,1,4,DIAMOND,364,1
2346,577,Spain,Female,33,6,0,2,1,0,57975.8,0,2,PLATINUM,893,0
2347,639,Spain,Female,27,2,0,1,1,1,82938.99,0,4,GOLD,520,0
2348,578,Spain,Female,28,8,161592.76,1,1,0,177834.79,0,2,GOLD,336,0
2349,687,Spain,Female,72,4,0,2,1,1,50267.69,0,3,GOLD,595,0
2350,499,Spain,Female,53,1,75225.53,2,0,0,144849.1,1,4,SILVER,424,1
2351,693,Spain,Female,39,0,0,2,0,0,81901.6,0,1,SILVER,450,0
2352,523,Spain,Female,24,5,172231.93,1,0,1,155144.12,0,5,GOLD,557,0
2353,638,Spain,Female,34,7,0,2,0,0,3946.29,0,2,PLATINUM,504,0
2354,593,Spain,Male,27,10,0,3,0,0,94620,1,2,PLATINUM,401,1
2355,689,Spain,Female,28,5,95328.6,1,1,0,6129.61,1,3,GOLD,230,1
2356,524,Spain,Male,29,3,159035.45,1,1,0,2705.31,1,4,GOLD,580,1
2357,689,Spain,Female,55,4,0,2,1,1,58442.25,0,2,PLATINUM,977,0
2358,744,Spain,Male,35,7,0,2,1,1,43036.6,0,5,SILVER,784,0
2359,800,Spain,Female,46,6,0,2,1,0,171928.04,0,2,SILVER,471,0
2360,676,Spain,Male,36,1,82729.49,1,1,0,113810.12,0,5,GOLD,868,0
2361,608,Spain,Male,45,4,0,2,0,0,36697.48,1,1,DIAMOND,796,1
2362,781,Spain,Male,35,1,0,2,0,0,42117.9,0,1,PLATINUM,423,0
2363,505,Spain,Male,35,8,116932.59,1,1,0,91092.84,0,4,PLATINUM,671,0
2364,850,Spain,Male,37,4,88141.1,1,1,0,109659.12,0,1,GOLD,228,0
2365,850,Spain,Female,32,5,0,1,1,1,3830.59,0,2,SILVER,979,0
2366,671,Spain,Male,32,6,123912.78,2,1,1,146636.44,0,1,PLATINUM,748,0
2367,739,Spain,Female,27,8,98926.4,1,1,1,106969.98,0,2,GOLD,474,0
2368,790,Spain,Male,29,3,46057.96,2,1,1,189777.66,0,3,SILVER,312,0
2369,644,Spain,Male,26,8,96659.64,2,1,1,138775.69,0,1,GOLD,384,0
2370,639,Spain,Male,38,9,130233.14,1,1,1,81861.1,0,4,PLATINUM,345,0
2371,540,Spain,Female,40,8,0,2,1,0,3560,0,5,GOLD,501,0
2372,773,Spain,Male,52,2,0,2,1,0,57337.79,0,5,PLATINUM,607,0
2373,850,Spain,Male,41,8,132838.07,1,1,1,175347.28,0,4,DIAMOND,751,0
2374,644,Spain,Male,37,9,0,2,1,1,96442.86,0,2,DIAMOND,577,0
2375,721,Spain,Male,57,1,0,1,1,1,195940.96,0,4,PLATINUM,226,0
2376,578,Spain,Male,36,1,157267.95,2,1,0,141533.19,0,5,PLATINUM,940,0
2377,623,Spain,Male,46,4,0,1,1,0,5549.11,1,3,DIAMOND,598,1
2378,705,Spain,Female,39,8,144102.32,1,1,1,11682.36,0,2,GOLD,219,0
2379,554,Spain,Male,42,1,0,2,0,1,183492.9,0,2,GOLD,593,0
2380,710,Spain,Female,30,10,0,2,1,0,19500.1,0,5,PLATINUM,420,0
2381,739,Spain,Female,41,8,0,1,1,0,191694.77,1,1,PLATINUM,618,1
2382,644,Spain,Male,18,7,0,1,0,1,59645.24,1,1,GOLD,620,1
2383,554,Spain,Male,37,3,0,2,1,0,166177.3,0,1,GOLD,612,0
2384,602,Spain,Male,34,8,98382.72,1,1,0,39542,0,4,GOLD,240,0
2385,695,Spain,Female,35,7,79858.13,2,1,1,127977.66,0,5,PLATINUM,408,0
2386,708,Spain,Male,40,8,83015.71,1,1,0,101089.76,0,3,DIAMOND,699,0
2387,700,Spain,Male,44,9,0,2,1,0,142287.65,0,4,DIAMOND,533,0
2388,608,Spain,Male,37,2,130461.02,1,1,0,21967.15,0,5,SILVER,642,0
2389,692,Spain,Female,47,3,0,2,1,0,150802.41,1,3,SILVER,525,1
2390,683,Spain,Male,35,9,61172.04,1,0,0,82951.12,0,3,GOLD,306,0
2391,561,Spain,Male,37,4,101470.29,1,0,1,88838.14,0,1,SILVER,433,0
2392,813,Spain,Male,27,1,137275.36,1,0,1,115733.16,0,2,PLATINUM,799,0
2393,641,Spain,Male,31,3,153316.14,1,1,0,59927.99,0,4,DIAMOND,667,0
2394,497,Spain,Male,44,2,121250.04,1,0,1,79691.4,0,3,DIAMOND,595,0
2395,761,Spain,Female,32,4,103515.39,2,1,1,177622.38,0,2,SILVER,311,0
2396,704,Spain,Male,38,6,106687.76,1,1,0,173776.5,0,4,GOLD,546,0
2397,850,Spain,Male,71,10,69608.14,1,1,0,97893.4,1,2,SILVER,786,1
2398,834,Spain,Male,33,5,0,2,1,0,66285.18,0,1,PLATINUM,746,0
2399,834,Spain,Male,34,5,0,2,0,0,53437.1,0,5,GOLD,709,0
2400,748,Spain,Male,39,3,0,2,1,1,123998.52,0,2,PLATINUM,511,0
2401,758,Spain,Male,35,5,0,2,1,0,95009.6,0,5,SILVER,921,0
2402,720,Spain,Male,34,3,0,2,1,1,77047.78,0,4,DIAMOND,368,0
2403,735,Spain,Male,39,1,60374.98,1,1,0,40223.74,0,3,GOLD,351,0
2404,635,Spain,Male,29,2,0,2,0,0,117173.8,0,1,GOLD,624,0
2405,651,Spain,Female,63,8,129968.67,1,1,1,11830.53,0,3,PLATINUM,746,0
2406,574,Spain,Male,52,7,115532.52,1,1,0,196257.67,0,3,GOLD,625,0
2407,563,Spain,Female,36,4,143680.47,2,1,1,63531.19,0,1,GOLD,735,0
2408,678,Spain,Male,38,3,124483.53,1,1,0,126253.31,0,1,SILVER,709,0
2409,644,Spain,Female,31,5,86006.3,1,1,1,73922.95,0,2,SILVER,274,0
2410,733,Spain,Male,36,1,0,2,0,1,108377.82,0,2,SILVER,932,0
2411,726,Spain,Female,56,2,105473.74,1,1,1,46044.7,0,1,PLATINUM,747,0
2412,680,Spain,Female,34,7,0,2,1,0,98949.85,0,5,PLATINUM,912,0
2413,757,Spain,Male,30,3,145396.49,1,0,1,198341.15,0,5,PLATINUM,614,0
2414,710,Spain,Male,62,3,131078.42,2,1,0,119348.76,1,2,PLATINUM,517,1
2415,773,Spain,Male,43,7,138150.57,1,1,1,177357.16,0,2,SILVER,936,0
2416,724,Spain,Male,39,3,0,2,0,1,95562.81,0,2,DIAMOND,918,0
2417,659,Spain,Male,78,2,151675.65,1,0,1,49978.67,0,5,GOLD,364,0
2418,710,Spain,Male,22,8,0,3,1,0,107292.91,0,4,DIAMOND,565,0
2419,673,Spain,Male,40,1,121629.22,1,1,1,3258.6,0,3,DIAMOND,313,0
2420,648,Spain,Female,43,7,81153.82,1,1,1,144532.85,1,5,PLATINUM,890,1
2421,480,Spain,Male,39,5,121626.9,1,1,1,82438.13,0,1,SILVER,462,0
2422,515,Spain,Male,40,10,121355.99,1,1,0,138360.29,0,5,GOLD,870,0
2423,559,Spain,Female,39,2,0,2,1,1,121151.1,0,1,PLATINUM,453,0
2424,819,Spain,Female,28,8,168253.21,1,1,1,102799.14,0,4,PLATINUM,230,0
2425,685,Spain,Male,23,5,164902.43,1,0,0,141152.28,0,3,GOLD,492,0
2426,627,Spain,Male,40,10,0,2,1,1,194792.42,0,5,GOLD,545,0
2427,762,Spain,Female,35,3,119349.69,3,1,1,47114.18,1,5,DIAMOND,253,1
2428,569,Spain,Female,30,3,139528.23,1,1,1,33230.37,0,4,SILVER,705,0
2429,658,Spain,Male,35,9,71829.34,1,1,1,68141.92,0,1,SILVER,285,0
2430,712,Spain,Male,27,10,0,1,1,0,94544.88,0,3,GOLD,410,0
2431,590,Spain,Female,29,10,99250.08,1,1,1,129629.41,0,5,GOLD,931,0
2432,643,Spain,Male,48,8,0,2,1,0,174729.3,0,1,SILVER,976,0
2433,690,Spain,Female,30,5,0,2,0,1,78700.03,0,3,SILVER,954,0
2434,652,Spain,Male,28,8,156823.7,2,1,0,198251.52,0,5,PLATINUM,749,0
2435,789,Spain,Female,40,4,0,2,1,0,137402.27,0,2,SILVER,787,0
2436,602,Spain,Male,33,5,0,2,0,1,64038.34,0,1,GOLD,713,0
2437,576,Spain,Male,26,8,0,2,0,1,34101.06,0,4,PLATINUM,341,0
2438,638,Spain,Male,30,9,136808.53,2,1,1,106642.97,0,5,GOLD,946,0
2439,590,Spain,Female,38,9,0,2,1,1,148750.16,0,3,SILVER,575,0
2440,546,Spain,Male,25,7,127728.24,2,1,1,105279.74,0,5,SILVER,917,0
2441,619,Spain,Female,38,10,119658.49,1,1,1,8646.58,0,2,SILVER,412,0
2442,501,Spain,Male,43,6,104533.24,1,0,0,81123.59,1,2,DIAMOND,723,1
2443,719,Spain,Male,37,10,145382.61,1,1,0,80408.59,0,5,PLATINUM,306,0
2444,681,Spain,Female,37,6,121231.39,1,1,1,146366.08,0,4,GOLD,271,0
2445,706,Spain,Male,24,2,141078.57,1,1,1,24402.87,0,3,GOLD,563,0
2446,607,Spain,Male,40,1,112544.45,1,1,1,19842.22,0,3,GOLD,538,0
2447,588,Spain,Male,37,2,0,2,0,1,187816.59,0,2,DIAMOND,889,0
2448,620,Spain,Male,36,7,169312.72,1,1,0,45414.09,0,3,DIAMOND,579,0
2449,728,Spain,Female,43,8,128412.61,1,0,1,139024.31,0,4,PLATINUM,576,0
2450,687,Spain,Female,40,1,0,2,1,0,8207.36,0,3,DIAMOND,289,0
2451,675,Spain,Male,31,2,90826.27,2,1,0,60270.87,0,3,SILVER,661,0
2452,684,Spain,Male,24,8,143582.89,1,1,1,22527.27,0,4,GOLD,559,0
2453,760,Spain,Female,32,2,0,1,1,1,114565.35,0,4,GOLD,625,0
2454,662,Spain,Male,37,4,155187.3,1,1,0,48930.8,0,2,GOLD,828,0
2455,604,Spain,Male,40,5,155455.43,1,0,1,113581.85,0,4,GOLD,742,0
2456,678,Spain,Female,61,8,0,2,1,1,159938.82,0,1,SILVER,617,0
2457,660,Spain,Female,28,3,128929.88,1,1,1,198069.71,0,2,SILVER,231,0
2458,690,Spain,Female,36,10,91760.11,1,1,1,135784.94,0,2,PLATINUM,443,0
2459,701,Spain,Female,34,6,107980.37,1,1,1,119374.74,0,3,PLATINUM,563,0
2460,543,Spain,Male,41,5,0,2,0,1,143980.29,0,5,SILVER,370,0
2461,616,Spain,Female,44,7,193213.02,2,1,1,137392.77,0,1,GOLD,364,0
2462,652,Spain,Male,31,1,132862.59,1,0,0,158054.49,0,1,GOLD,921,0
2463,677,Spain,Male,18,8,134796.87,2,1,1,114858.9,0,4,GOLD,904,0
2464,526,Spain,Female,36,5,91132.18,1,0,0,58111.71,0,1,DIAMOND,485,0
2465,693,Spain,Female,57,9,0,2,1,1,135502.77,0,4,SILVER,401,0
2466,657,Spain,Male,36,8,0,2,0,1,123866.43,0,4,DIAMOND,932,0
2467,784,Spain,Male,23,2,0,1,1,1,6847.73,0,5,GOLD,257,0
2468,635,Spain,Male,46,8,0,2,1,1,60739.16,0,1,GOLD,635,0
2469,714,Spain,Male,29,4,0,2,1,1,37605.9,0,4,DIAMOND,354,0
2470,764,Spain,Male,38,4,113607.47,1,1,0,91094.46,0,1,GOLD,771,0
2471,573,Spain,Male,44,9,0,2,1,0,107124.17,0,2,PLATINUM,760,0
2472,702,Spain,Male,44,9,0,1,0,0,59207.41,1,4,DIAMOND,977,1
2473,479,Spain,Male,35,4,125920.98,1,1,1,20393.44,0,5,SILVER,555,0
2474,741,Spain,Male,35,6,74371.49,1,0,0,99595.67,0,2,SILVER,295,0
2475,606,Spain,Male,30,8,180307.73,2,1,1,1914.41,0,3,SILVER,567,0
2476,841,Spain,Male,28,4,0,2,1,1,179436.6,0,5,GOLD,393,0
2477,726,Spain,Male,36,2,0,1,1,0,195192.4,0,5,SILVER,560,0
